SubjectID,Gender
01ADL0001,Male
01ADL0002,Female
01ADL0003,Female
01ADL0004,Male
01ADL0005,Male
01ADL0006,Male
01ADL0007,Female
01ADL0008,Female
01ADL0009,Male
01ADL0010,Female
01ADL0011,Female
01ADL0012,Female
01ADL0013,Male
01ADL0014,Male
01ADL0015,Female
01ADL0016,Male
01ADL0017,Female
01ADL0018,Female
01ADL0019,Female
01ADL0020,Female
01ADL0021,Male
01ADL0022,Female
01ADL0023,Female
01ADL0024,Female
01ADL0025,Female
01ADL0026,Male
01ADL0027,Male
01ADL0028,Male
01ADL0029,Female
01ADL0030,Male
01ADL0031,Female
01ADL0032,Male
01ADL0033,Female
01ADL0034,Female
01ADL0035,Male
01ADL0036,Female
01ADL0037,Female
01ADL0038,Female
01ADL0039,Male
01ADL0040,Male
01ADL0041,Female
01ADL0042,Female
01ADL0043,Male
01ADL0044,Female
01ADL0045,Female
01ADL0046,Female
01ADL0047,Male
01ADL0048,Male
01ADL0049,Male
01ADL0050,Female
01ADL0051,Male
01ADL0052,Female
01ADL0053,Female
01ADL0054,Male
01ADL0055,Female
01ADL0056,Male
01ADL0057,Male
01ADL0058,Male
01ADL0059,Male
01ADL0060,Male
01ADL0061,Male
01ADL0062,Male
01ADL0063,Male
01ADL0064,Female
01ADL0065,Male
01ADL0066,Male
01ADL0067,Male
01ADL0068,Female
01ADL0069,Male
01ADL0070,Female
01ADL0071,Female
01ADL0072,Female
01ADL0073,Female
01ADL0074,Female
01ADL0075,Female
01ADL0076,Female
01ADL0077,Male
01ADL0078,Female
01ADL0079,Female
01ADL0080,Male
01ADL0081,Female
01ADL0082,Male
01ADL0083,Male
01ADL0084,Female
01ADL0085,Male
01ADL0086,Female
01ADL0087,Male
01ADL0088,Male
01ADL0089,Female
01ADL0090,Female
01ADL0091,Female
01ADL0092,Male
01ADL0093,Female
01ADL0094,Male
01ADL0095,Male
01ADL0096,Female
01ADL0097,Female
01ADL0098,Female
01ADL0099,Male
01ADL0100,Female
01ADL0101,Female
01ADL0102,Female
01ADL0103,Female
01ADL0104,Male
01ADL0105,Female
01ADL0106,Female
01ADL0107,Male
01ADL0108,Female
01ADL0109,Female
01ADL0110,Male
01ADL0111,Female
01ADL0112,Female
01ADL0113,Female
01ADL0114,Male
01ADL0115,Male
01ADL0116,Male
01ADL0117,Female
01ADL0118,Male
01ADL0119,Female
01ADL0120,Male
01ADL0121,Female
01ADL0122,Female
01ADL0123,Female
01ADL0124,Male
01ADL0125,Female
01ADL0126,Male
01ADL0127,Female
01ADL0128,Female
01ADL0129,Male
01ADL0130,Male
01ADL0131,Female
01ADL0132,Female
01ADL0133,Female
01ADL0134,Female
01ADL0135,Male
01ADL0136,Female
01ADL0137,Female
01ADL0138,Female
01ADL0139,Female
01ADL0140,Female
01ADL0141,Female
01ADL0142,Female
01ADL0143,Male
01ADL0144,Male
01ADL0145,Male
01ADL0146,Male
01ADL0147,Female
01ADL0148,Female
01ADL0149,Male
01ADL0150,Female
01ADL0151,Female
01ADL0152,Male
01ADL0153,Female
01ADL0154,Male
01ADL0155,Female
01ADL0156,Female
01ADL0157,Male
01ADL0158,Male
01ADL0159,Female
01ADL0160,Female
01ADL0161,Female
01ADL0162,Female
01ADL0163,Female
01ADL0164,Female
01ADL0165,Female
01ADL0166,Male
01ADL0167,Male
01ADL0168,Female
01ADL0169,Male
01ADL0170,Male
01ADL0171,Male
01ADL0173,Male
01ADL0174,Male
02ADL0001,Female
02ADL0002,Female
02ADL0003,Female
02ADL0004,Female
02ADL0005,Female
02ADL0006,Male
02ADL0007,Male
02ADL0008,Female
02ADL0009,Female
02ADL0010,Female
02ADL0011,Female
02ADL0012,Female
02ADL0013,Female
02ADL0014,Female
02ADL0015,Male
02ADL0016,Female
02ADL0017,Female
02ADL0018,Female
02ADL0019,Female
02ADL0020,Male
02ADL0021,Female
02ADL0022,Male
02ADL0023,Male
02ADL0024,Male
02ADL0025,Female
02ADL0026,Male
02ADL0027,Female
02ADL0028,Male
02ADL0029,Male
02ADL0030,Female
02ADL0031,Female
02ADL0032,Female
02ADL0033,Female
02ADL0034,Male
02ADL0035,Female
02ADL0036,Male
02ADL0037,Female
02ADL0038,Female
02ADL0039,Male
02ADL0040,Female
02ADL0041,Male
02ADL0042,Male
02ADL0043,Female
02ADL0044,Female
02ADL0045,Female
02ADL0046,Female
02ADL0047,Female
02ADL0048,Female
02ADL0049,Female
02ADL0050,Female
02ADL0051,Female
02ADL0052,Female
02ADL0053,Female
02ADL0054,Male
02ADL0055,Female
02ADL0056,Female
02ADL0057,Female
02ADL0058,Female
02ADL0059,Female
02ADL0060,Female
02ADL0061,Male
02ADL0062,Female
02ADL0063,Female
02ADL0064,Female
02ADL0065,Male
02ADL0066,Female
02ADL0067,Male
02ADL0068,Female
02ADL0069,Female
02ADL0070,Male
02ADL0071,Female
02ADL0072,Male
02ADL0073,Female
02ADL0074,Female
02ADL0075,Male
02ADL0076,Female
02ADL0077,Male
02ADL0078,Male
02ADL0079,Male
02ADL0080,Female
02ADL0081,Male
02ADL0082,Male
02ADL0083,Female
02ADL0084,Female
02ADL0085,Male
02ADL0086,Female
02ADL0087,Male
02ADL0088,Female
02ADL0089,Female
02ADL0090,Female
02ADL0091,Male
02ADL0092,Female
02ADL0093,Male
02ADL0094,Female
02ADL0095,Female
02ADL0096,Female
02ADL0097,Male
02ADL0098,Female
02ADL0099,Male
02ADL0100,Female
02ADL0101,Female
02ADL0102,Female
02ADL0103,Female
02ADL0104,Male
02ADL0105,Female
02ADL0106,Male
02ADL0107,Male
02ADL0108,Female
02ADL0109,Male
02ADL0110,Female
02ADL0111,Male
02ADL0112,Female
02ADL0113,Male
02ADL0114,Male
02ADL0115,Male
02ADL0116,Male
02ADL0117,Male
02ADL0118,Female
02ADL0119,Male
02ADL0120,Female
02ADL0121,Female
02ADL0122,Male
02ADL0123,Female
02ADL0124,Female
02ADL0125,Male
02ADL0126,Male
02ADL0127,Female
02ADL0128,Male
02ADL0129,Male
02ADL0130,Female
02ADL0131,Male
02ADL0132,Female
02ADL0133,Male
02ADL0134,Male
02ADL0135,Male
02ADL0136,Male
02ADL0137,Female
02ADL0138,Female
02ADL0139,Male
02ADL0140,Male
02ADL0141,Male
02ADL0142,Male
02ADL0143,Female
02ADL0144,Female
02ADL0145,Female
02ADL0146,Female
02ADL0147,Male
02ADL0148,Female
02ADL0149,Male
02ADL0150,Female
02ADL0151,Female
02ADL0152,Female
02ADL0153,Female
02ADL0154,Female
02ADL0155,Male
02ADL0156,Male
02ADL0157,Male
02ADL0158,Male
02ADL0159,Male
02ADL0160,Male
02ADL0161,Female
02ADL0162,Male
02ADL0163,Male
02ADL0164,Female
02ADL0165,Female
02ADL0166,Female
02ADL0167,Male
02ADL0168,Male
02ADL0169,Female
02ADL0170,Female
02ADL0171,Male
02ADL0172,Female
02ADL0173,Female
02ADL0174,
02ADL0175,Male
02ADL0176,Female
02ADL0177,Male
02ADL0178,Female
02ADL0179,Female
02ADL0180,Male
02ADL0181,Female
02ADL0182,Female
02ADL0183,Male
02ADL0184,Female
02ADL0185,Male
02ADL0186,Male
02ADL0187,Male
02ADL0188,Male
02ADL0189,Female
02ADL0190,Female
02ADL0191,Female
02ADL0192,Female
02ADL0193,Male
02ADL0194,Female
02ADL0195,Male
02ADL0196,Female
02ADL0197,Female
02ADL0198,Male
02ADL0199,Female
02ADL0200,Male
02ADL0201,Male
02ADL0202,Female
02ADL0203,Female
02ADL0204,Male
02ADL0205,Male
02ADL0206,Male
02ADL0207,Male
02ADL0208,Male
02ADL0209,Female
02ADL0210,Female
02ADL0211,Female
02ADL0212,Male
02ADL0213,Male
02ADL0214,Female
02ADL0215,Female
02ADL0216,Male
02ADL0217,Female
02ADL0219,Female
02ADL0220,Female
02ADL0221,Male
02ADL0222,Male
02ADL0223,Male
02ADL0224,Male
02ADL0225,Female
02ADL0226,Male
02ADL0227,Female
02ADL0228,Female
02ADL0229,Female
02ADL0230,Male
02ADL0231,Male
02ADL0232,Male
02ADL0233,Female
02ADL0234,Male
02ADL0235,Male
02ADL0236,Male
02ADL0237,Male
02ADL0238,Female
02ADL0239,Female
02ADL0240,Male
02ADL0241,Male
02ADL0242,Female
02ADL0243,Female
02ADL0244,Female
02ADL0245,Male
02ADL0246,Female
02ADL0247,Female
02ADL0248,Female
02ADL0249,Female
02ADL0250,Female
02ADL0251,Male
02ADL0252,Male
02ADL0253,Male
02ADL0254,Female
02ADL0255,Male
02ADL0256,Female
02ADL0257,
02ADL0258,Female
02ADL0259,Male
02ADL0260,Male
02ADL0261,Female
02ADL0262,Male
02ADL0263,Male
02ADL0264,Female
02ADL0265,Female
02ADL0266,Male
02ADL0267,Female
02ADL0268,Female
02ADL0269,Male
02ADL0270,Female
02ADL0271,Female
02ADL0272,Male
02ADL0273,Female
02ADL0274,Female
02ADL0275,Male
02ADL0276,Female
02ADL0277,Female
02ADL0278,Female
02ADL0279,Male
02ADL0280,Male
02ADL0281,Female
02ADL0282,Female
02ADL0283,Female
02ADL0284,Male
02ADL0285,Female
02ADL0286,Male
02ADL0287,Female
02ADL0288,Male
02ADL0289,Male
02ADL0290,Female
02ADL0291,Female
03ADL0001,Female
03ADL0002,Male
03ADL0003,Male
03ADL0004,Male
03ADL0005,Male
03ADL0006,Female
03ADL0007,Female
03ADL0008,Female
03ADL0009,Male
03ADL0010,Male
03ADL0011,Male
03ADL0012,Female
03ADL0013,Male
03ADL0014,Female
03ADL0015,Male
03ADL0016,Male
03ADL0017,Male
03ADL0018,Female
03ADL0019,Male
03ADL0020,Female
03ADL0021,Female
03ADL0022,Female
03ADL0023,Female
03ADL0024,Female
03ADL0025,Male
03ADL0026,Male
03ADL0027,Female
