file,landmark,x,y,z
A00-08-4914_A 2025-12-09_12-27-17.obj,r_wrist,-31.68571429,-3.591428571,76.08214286
A00-08-4914_A 2025-12-09_12-27-17.obj,l_wrist,32.510625,-1.36,77.09
A00-08-4914_A 2025-12-09_12-27-17.obj,r_armpit,-15.965508,nan,105.2491123
A00-08-4914_A 2025-12-09_12-27-17.obj,l_armpit,14.57959131,nan,105.8713629
A00-08-4914_A 2025-12-09_12-27-17.obj,r_hip,-18.66,4.53,74.96198198
A00-08-4914_A 2025-12-09_12-27-17.obj,l_hip,19.63,3.73,74.96198198
A00-08-4914_A 2025-12-09_12-27-17.obj,r_foot,-17.46,9.46,-0.01
A00-08-4914_A 2025-12-09_12-27-17.obj,l_foot,8.32,-2.39,-0.01
A00-08-4914_A 2025-12-09_12-27-17.obj,crotch,-0.53,4.9,68.48708811
A00-08-4914_A 2025-12-09_12-27-17.obj,l_ankle,10.3165,8.608,8.7215
A00-08-4914_A 2025-12-09_12-27-17.obj,r_ankle,-12.789375,8.10375,8.19
A00-08-4914_A 2025-12-09_12-27-17.obj,lShoulder,15.03,4.5,127.41
A00-08-4914_A 2025-12-09_12-27-17.obj,rShoulder,-16.19,4.25,125.49
A00-08-4914_A 2025-12-09_12-27-17.obj,collar,-0.58,4.375,126.45
A00-08-4914_A 2025-12-09_12-27-17.obj,lowerBack,0.7,20.03,76.38
A00-08-4914_A 2025-12-09_12-27-17.obj,nose_tip,-2.75,-5.58,140.08
A00-08-4914_B 2025-12-09_12-31-25.obj,r_wrist,-28.533125,-1.646875,74.820625
A00-08-4914_B 2025-12-09_12-31-25.obj,l_wrist,26.778125,-1.26375,77.904375
A00-08-4914_B 2025-12-09_12-31-25.obj,r_armpit,-14.94833229,nan,100.8665016
A00-08-4914_B 2025-12-09_12-31-25.obj,l_armpit,12.71201474,nan,100.9349695
A00-08-4914_B 2025-12-09_12-31-25.obj,r_hip,-19.01,3.35,75.15610619
A00-08-4914_B 2025-12-09_12-31-25.obj,l_hip,19.44,0.32,75.15610619
A00-08-4914_B 2025-12-09_12-31-25.obj,r_foot,-11.4,9.44,-0.03
A00-08-4914_B 2025-12-09_12-31-25.obj,l_foot,9.38,7.78,-0.02
A00-08-4914_B 2025-12-09_12-31-25.obj,crotch,-0.28,2.52,69.58660586
A00-08-4914_B 2025-12-09_12-31-25.obj,l_ankle,10.4195,7.292,8.122
A00-08-4914_B 2025-12-09_12-31-25.obj,r_ankle,-12.16823529,5.403529412,6.975294118
A00-08-4914_B 2025-12-09_12-31-25.obj,lShoulder,12.78,2.38,127.83
A00-08-4914_B 2025-12-09_12-31-25.obj,rShoulder,-16.47,3.04,125.49
A00-08-4914_B 2025-12-09_12-31-25.obj,collar,-1.845,2.71,126.66
A00-08-4914_B 2025-12-09_12-31-25.obj,lowerBack,0.43,17.42,73.46
A00-08-4914_B 2025-12-09_12-31-25.obj,nose_tip,-2.19,-8,139.69
A00-09-0254 2025-12-10_10-37-18.obj,r_wrist,-29.19357143,-1.997857143,85.70285714
A00-09-0254 2025-12-10_10-37-18.obj,l_wrist,28.05375,-1.3175,85.361875
A00-09-0254 2025-12-10_10-37-18.obj,r_armpit,-15.98784785,nan,118.3753094
A00-09-0254 2025-12-10_10-37-18.obj,l_armpit,14.00038557,nan,118.0471074
A00-09-0254 2025-12-10_10-37-18.obj,r_hip,-18.14,4.26,86.48333333
A00-09-0254 2025-12-10_10-37-18.obj,l_hip,19.67,5.09,86.48333333
A00-09-0254 2025-12-10_10-37-18.obj,r_foot,-13.46,15.16,-0.01
A00-09-0254 2025-12-10_10-37-18.obj,l_foot,13.54,16.99,-0.01
A00-09-0254 2025-12-10_10-37-18.obj,crotch,1.4,6.9,79.97864288
A00-09-0254 2025-12-10_10-37-18.obj,l_ankle,15.42176471,12.25647059,14.97470588
A00-09-0254 2025-12-10_10-37-18.obj,r_ankle,-12.64142857,11.30619048,14.15904762
A00-09-0254 2025-12-10_10-37-18.obj,lShoulder,14.72,9.22,143.27
A00-09-0254 2025-12-10_10-37-18.obj,rShoulder,-16.63,6.9,143.28
A00-09-0254 2025-12-10_10-37-18.obj,collar,-0.955,8.06,143.275
A00-09-0254 2025-12-10_10-37-18.obj,lowerBack,1.31,21.45,86.29
A00-09-0254 2025-12-10_10-37-18.obj,nose_tip,0.35,-6.73,158.32
A00-09-0254 2025-12-10_10-38-56.obj,r_wrist,-26.68176471,-2.781176471,85.23882353
A00-09-0254 2025-12-10_10-38-56.obj,l_wrist,27.86125,-3.98125,80.3875
A00-09-0254 2025-12-10_10-38-56.obj,r_armpit,-14.81770752,nan,111.7076546
A00-09-0254 2025-12-10_10-38-56.obj,l_armpit,26.54886421,nan,107.7884816
A00-09-0254 2025-12-10_10-38-56.obj,r_hip,-17.24,3.51,87.46565217
A00-09-0254 2025-12-10_10-38-56.obj,l_hip,26.46,-2.91,87.46565217
A00-09-0254 2025-12-10_10-38-56.obj,r_foot,-11.86,15.95,-0.02
A00-09-0254 2025-12-10_10-38-56.obj,l_foot,13.17,-6.2,-0.01
A00-09-0254 2025-12-10_10-38-56.obj,crotch,0.42,6.91,78.18299806
A00-09-0254 2025-12-10_10-38-56.obj,l_ankle,15.19421053,11.88894737,12.41263158
A00-09-0254 2025-12-10_10-38-56.obj,r_ankle,-12.3965,11.598,15.25
A00-09-0254 2025-12-10_10-38-56.obj,lShoulder,26.66,5.5,107.43
A00-09-0254 2025-12-10_10-38-56.obj,rShoulder,-15.27,5.29,144.6
A00-09-0254 2025-12-10_10-38-56.obj,collar,5.695,5.395,126.015
A00-09-0254 2025-12-10_10-38-56.obj,lowerBack,0.21,19.55,87.24
A00-09-0254 2025-12-10_10-38-56.obj,nose_tip,0.34,-9.28,158.08
A00-09-2104_A 2025-11-19_11-49-31.obj,r_wrist,-33.14133333,-5.190666667,86.792
A00-09-2104_A 2025-11-19_11-49-31.obj,l_wrist,29.50333333,-3.061666667,84.98055556
A00-09-2104_A 2025-11-19_11-49-31.obj,r_armpit,-19.04230003,nan,112.6674477
A00-09-2104_A 2025-11-19_11-49-31.obj,l_armpit,16.95994095,nan,112.6341871
A00-09-2104_A 2025-11-19_11-49-31.obj,r_hip,-21.7,5.24,86.47238095
A00-09-2104_A 2025-11-19_11-49-31.obj,l_hip,17.28,4.83,86.47238095
A00-09-2104_A 2025-11-19_11-49-31.obj,r_foot,-19.13,11.79,-7.219292881e-16
A00-09-2104_A 2025-11-19_11-49-31.obj,l_foot,9.82,12.29,-7.525454581e-16
A00-09-2104_A 2025-11-19_11-49-31.obj,crotch,-2.06,5.11,80.0697433
A00-09-2104_A 2025-11-19_11-49-31.obj,l_ankle,10.943,7.8405,11.5515
A00-09-2104_A 2025-11-19_11-49-31.obj,r_ankle,-17.79318182,6.207727273,16.42363636
A00-09-2104_A 2025-11-19_11-49-31.obj,lShoulder,17.05,2.23,136.4
A00-09-2104_A 2025-11-19_11-49-31.obj,rShoulder,-19.29,-1.2,136.1
A00-09-2104_A 2025-11-19_11-49-31.obj,collar,-1.12,0.515,136.25
A00-09-2104_A 2025-11-19_11-49-31.obj,lowerBack,-2.22,21.5,88.4
A00-09-2104_A 2025-11-19_11-49-31.obj,nose_tip,-0.4,-15.33,150.46
A00-09-2104_B 2025-11-19_11-54-21.obj,r_wrist,-33.96,-0.5821428571,87.85642857
A00-09-2104_B 2025-11-19_11-54-21.obj,l_wrist,28.272,0.1733333333,86.29266667
A00-09-2104_B 2025-11-19_11-54-21.obj,r_armpit,-18.33048441,nan,113.462727
A00-09-2104_B 2025-11-19_11-54-21.obj,l_armpit,17.48825431,nan,111.905751
A00-09-2104_B 2025-11-19_11-54-21.obj,r_hip,-21.13,5.65,86.36737864
A00-09-2104_B 2025-11-19_11-54-21.obj,l_hip,18,9.41,86.36737864
A00-09-2104_B 2025-11-19_11-54-21.obj,r_foot,-24.66,-3.14,-0.03
A00-09-2104_B 2025-11-19_11-54-21.obj,l_foot,16.5,7.52,-0.02
A00-09-2104_B 2025-11-19_11-54-21.obj,crotch,-1.36,6.39,77.04888183
A00-09-2104_B 2025-11-19_11-54-21.obj,l_ankle,10.41565217,7.57173913,12.18652174
A00-09-2104_B 2025-11-19_11-54-21.obj,r_ankle,-14.8524,7.6376,10.86
A00-09-2104_B 2025-11-19_11-54-21.obj,lShoulder,17.62,5.87,136.18
A00-09-2104_B 2025-11-19_11-54-21.obj,rShoulder,-19.22,1.54,135.71
A00-09-2104_B 2025-11-19_11-54-21.obj,collar,-0.8,3.705,135.945
A00-09-2104_B 2025-11-19_11-54-21.obj,lowerBack,1.34,23.74,89.48
A00-09-2104_B 2025-11-19_11-54-21.obj,nose_tip,0.07,-12.42,150.49
CanCan011_A 2026-03-10_13-12-57.obj,r_wrist,-32.31625,-5.904375,89.2075
CanCan011_A 2026-03-10_13-12-57.obj,l_wrist,33.19307692,-6.805384615,90.55153846
CanCan011_A 2026-03-10_13-12-57.obj,r_armpit,-13.58898802,nan,121.4280657
CanCan011_A 2026-03-10_13-12-57.obj,l_armpit,15.09030101,nan,121.6082678
CanCan011_A 2026-03-10_13-12-57.obj,r_hip,-19.12,0.95,87.02838983
CanCan011_A 2026-03-10_13-12-57.obj,l_hip,21.19,-3.38,87.02838983
CanCan011_A 2026-03-10_13-12-57.obj,r_foot,-16.14,11.62,-0.01
CanCan011_A 2026-03-10_13-12-57.obj,l_foot,20.49,1.11,-0.01
CanCan011_A 2026-03-10_13-12-57.obj,crotch,1.67,-1.69,79.85937188
CanCan011_A 2026-03-10_13-12-57.obj,l_ankle,13.03263158,8.101578947,11.84263158
CanCan011_A 2026-03-10_13-12-57.obj,r_ankle,-14.80421053,6.029473684,10.06842105
CanCan011_A 2026-03-10_13-12-57.obj,lShoulder,15.1,0.95,142.87
CanCan011_A 2026-03-10_13-12-57.obj,rShoulder,-13.75,0.9,143.06
CanCan011_A 2026-03-10_13-12-57.obj,collar,0.675,0.925,142.965
CanCan011_A 2026-03-10_13-12-57.obj,lowerBack,-1.36,10.99,85.49
CanCan011_A 2026-03-10_13-12-57.obj,nose_tip,0.86,-15.98,154.44
CanCan011_B 2026-03-10_13-17-36.obj,r_wrist,-34.74307692,-3.154615385,88.25692308
CanCan011_B 2026-03-10_13-17-36.obj,l_wrist,34.14,-3.175833333,92.33333333
CanCan011_B 2026-03-10_13-17-36.obj,r_armpit,-14.2599444,nan,124.7161739
CanCan011_B 2026-03-10_13-17-36.obj,l_armpit,16.06038172,nan,125.3901534
CanCan011_B 2026-03-10_13-17-36.obj,r_hip,-18.92,0.79,86.72541284
CanCan011_B 2026-03-10_13-17-36.obj,l_hip,21.54,0.04,86.72541284
CanCan011_B 2026-03-10_13-17-36.obj,r_foot,-20.23,5.59,-0.01
CanCan011_B 2026-03-10_13-17-36.obj,l_foot,16.43,12.75,-0.01
CanCan011_B 2026-03-10_13-17-36.obj,crotch,0.67,-0.82,83.70486041
CanCan011_B 2026-03-10_13-17-36.obj,l_ankle,16.458,7.9575,11.4905
CanCan011_B 2026-03-10_13-17-36.obj,r_ankle,-13.55235294,8.39,10.89176471
CanCan011_B 2026-03-10_13-17-36.obj,lShoulder,16.94,-0.08,142.59
CanCan011_B 2026-03-10_13-17-36.obj,rShoulder,-14.55,-1.32,142.3
CanCan011_B 2026-03-10_13-17-36.obj,collar,1.195,-0.7,142.445
CanCan011_B 2026-03-10_13-17-36.obj,lowerBack,0.8,12.65,88.65
CanCan011_B 2026-03-10_13-17-36.obj,nose_tip,0.03,-15.91,154.88
CanCan01_A 2025-10-27_11-10-43.obj,r_wrist,-36.2725,2.8685,82.8705
CanCan01_A 2025-10-27_11-10-43.obj,l_wrist,33.78,1.301538462,72.05923077
CanCan01_A 2025-10-27_11-10-43.obj,r_armpit,-23.06436203,nan,99.32030808
CanCan01_A 2025-10-27_11-10-43.obj,l_armpit,20.97037041,nan,99.93403555
CanCan01_A 2025-10-27_11-10-43.obj,r_hip,-24.53,8.38,68.04025641
CanCan01_A 2025-10-27_11-10-43.obj,l_hip,18.46,3.26,68.04025641
CanCan01_A 2025-10-27_11-10-43.obj,r_foot,-17.9,-4.72,-0.03
CanCan01_A 2025-10-27_11-10-43.obj,l_foot,20.3,11.58,-0.02
CanCan01_A 2025-10-27_11-10-43.obj,crotch,-0.98,6.85,56.12006486
CanCan01_A 2025-10-27_11-10-43.obj,l_ankle,15.44142857,10.02380952,8.930952381
CanCan01_A 2025-10-27_11-10-43.obj,r_ankle,-15.16705882,10.49882353,7.967647059
CanCan01_A 2025-10-27_11-10-43.obj,lShoulder,21.05,6.25,128.42
CanCan01_A 2025-10-27_11-10-43.obj,rShoulder,-23.49,7.75,127.47
CanCan01_A 2025-10-27_11-10-43.obj,collar,-1.22,7,127.945
CanCan01_A 2025-10-27_11-10-43.obj,lowerBack,1.07,18.6,67.6
CanCan01_A 2025-10-27_11-10-43.obj,nose_tip,-0.13,-6.75,142.59
CanCan01_B 2025-10-27_11-22-43.obj,r_wrist,-30.88833333,2.043333333,69.17666667
CanCan01_B 2025-10-27_11-22-43.obj,l_wrist,33.35416667,0.3608333333,69.5475
CanCan01_B 2025-10-27_11-22-43.obj,r_armpit,-21.01951534,nan,97.776381
CanCan01_B 2025-10-27_11-22-43.obj,l_armpit,23.53833289,nan,97.87279572
CanCan01_B 2025-10-27_11-22-43.obj,r_hip,-22.08,9,73.72733333
CanCan01_B 2025-10-27_11-22-43.obj,l_hip,21.64,3.51,73.72733333
CanCan01_B 2025-10-27_11-22-43.obj,r_foot,-21.15,15.09,-9.2399601e-16
CanCan01_B 2025-10-27_11-22-43.obj,l_foot,24,5.58,-0.01
CanCan01_B 2025-10-27_11-22-43.obj,crotch,-0.41,6.36,64.56727821
CanCan01_B 2025-10-27_11-22-43.obj,l_ankle,18.6735,7.362,8.2095
CanCan01_B 2025-10-27_11-22-43.obj,r_ankle,-16.74705882,11.1,8.405882353
CanCan01_B 2025-10-27_11-22-43.obj,lShoulder,23.73,7.29,127.3
CanCan01_B 2025-10-27_11-22-43.obj,rShoulder,-21.05,6.02,125.05
CanCan01_B 2025-10-27_11-22-43.obj,collar,1.34,6.655,126.175
CanCan01_B 2025-10-27_11-22-43.obj,lowerBack,0.22,22.61,71.66
CanCan01_B 2025-10-27_11-22-43.obj,nose_tip,1.51,-6.6,142
CanCan02_A 2025-11-13_11-42-08.obj,r_wrist,-32.53466667,5.121333333,86.55266667
CanCan02_A 2025-11-13_11-42-08.obj,l_wrist,30.265,6.175555556,82.14944444
CanCan02_A 2025-11-13_11-42-08.obj,r_armpit,-17.12346879,nan,121.8843997
CanCan02_A 2025-11-13_11-42-08.obj,l_armpit,14.06736596,nan,119.8615246
CanCan02_A 2025-11-13_11-42-08.obj,r_hip,-20.03,3.11,87.77651685
CanCan02_A 2025-11-13_11-42-08.obj,l_hip,14.69,6.08,87.77651685
CanCan02_A 2025-11-13_11-42-08.obj,r_foot,-17.04,13.05,-7.990820364e-16
CanCan02_A 2025-11-13_11-42-08.obj,l_foot,18.76,10.34,-0.01
CanCan02_A 2025-11-13_11-42-08.obj,crotch,-2.66,4.34,75.91963417
CanCan02_A 2025-11-13_11-42-08.obj,l_ankle,13.55428571,9.397619048,13.97571429
CanCan02_A 2025-11-13_11-42-08.obj,r_ankle,-14.2524,8.646,15.4588
CanCan02_A 2025-11-13_11-42-08.obj,lShoulder,14.92,10.9,142.16
CanCan02_A 2025-11-13_11-42-08.obj,rShoulder,-17.58,7.02,142.17
CanCan02_A 2025-11-13_11-42-08.obj,collar,-1.33,8.96,142.165
CanCan02_A 2025-11-13_11-42-08.obj,lowerBack,2.79,18.55,89.57
CanCan02_A 2025-11-13_11-42-08.obj,nose_tip,-2.01,-6.4,156.32
CanCan02_B 2025-11-13_11-50-16.obj,r_wrist,-33.6225,10.29416667,70.04666667
CanCan02_B 2025-11-13_11-50-16.obj,l_wrist,33.92153846,8.870769231,87.52461538
CanCan02_B 2025-11-13_11-50-16.obj,r_armpit,-14.21384552,nan,123.3148069
CanCan02_B 2025-11-13_11-50-16.obj,l_armpit,18.71144077,nan,122.6118954
CanCan02_B 2025-11-13_11-50-16.obj,r_hip,-18.4,13.92,84.09216216
CanCan02_B 2025-11-13_11-50-16.obj,l_hip,18.26,11.64,84.09216216
CanCan02_B 2025-11-13_11-50-16.obj,r_foot,-16.78,19.96,-1.222197506e-15
CanCan02_B 2025-11-13_11-50-16.obj,l_foot,23.7,-2.4,-0.04
CanCan02_B 2025-11-13_11-50-16.obj,crotch,-0.01,11.29,75.63009976
CanCan02_B 2025-11-13_11-50-16.obj,l_ankle,17.19,16.905,15.41333333
CanCan02_B 2025-11-13_11-50-16.obj,r_ankle,-16.36363636,14.84863636,15.73
CanCan02_B 2025-11-13_11-50-16.obj,lShoulder,19.18,15.85,141.1
CanCan02_B 2025-11-13_11-50-16.obj,rShoulder,-15.07,16.04,141.87
CanCan02_B 2025-11-13_11-50-16.obj,collar,2.055,15.945,141.485
CanCan02_B 2025-11-13_11-50-16.obj,lowerBack,-0.1,25.16,87.38
CanCan02_B 2025-11-13_11-50-16.obj,nose_tip,0.55,1.21,158.9
CanCan08_A 2026-02-04_12-13-30.obj,r_wrist,-38.406,-5.488666667,91.09066667
CanCan08_A 2026-02-04_12-13-30.obj,l_wrist,35.648125,-1.949375,96.309375
CanCan08_A 2026-02-04_12-13-30.obj,r_armpit,-17.95624464,nan,130.0792903
CanCan08_A 2026-02-04_12-13-30.obj,l_armpit,18.36262416,nan,128.2204728
CanCan08_A 2026-02-04_12-13-30.obj,r_hip,-19.9,4.72,93.84347368
CanCan08_A 2026-02-04_12-13-30.obj,l_hip,18.71,5.68,93.84347368
CanCan08_A 2026-02-04_12-13-30.obj,r_foot,-22.89,9.88,-0.03
CanCan08_A 2026-02-04_12-13-30.obj,l_foot,22.02,-10.77,-0.01
CanCan08_A 2026-02-04_12-13-30.obj,crotch,0.23,5.35,82.40954833
CanCan08_A 2026-02-04_12-13-30.obj,l_ankle,14.87368421,9.097894737,15.48578947
CanCan08_A 2026-02-04_12-13-30.obj,r_ankle,-14.5365,9.772,13.7375
CanCan08_A 2026-02-04_12-13-30.obj,lShoulder,18.5,8.61,152.6
CanCan08_A 2026-02-04_12-13-30.obj,rShoulder,-18.82,6.66,151.43
CanCan08_A 2026-02-04_12-13-30.obj,collar,-0.16,7.635,152.015
CanCan08_A 2026-02-04_12-13-30.obj,lowerBack,-0.26,20.48,92.78
CanCan08_A 2026-02-04_12-13-30.obj,nose_tip,0.27,-10.94,166.92
CanCan08_B 2026-02-04_12-21-25.obj,r_wrist,-37.53083333,4.5625,100.31
CanCan08_B 2026-02-04_12-21-25.obj,l_wrist,37.89769231,0.79,95.48538462
CanCan08_B 2026-02-04_12-21-25.obj,r_armpit,-17.93214719,nan,128.6934987
CanCan08_B 2026-02-04_12-21-25.obj,l_armpit,18.93817906,nan,129.9866401
CanCan08_B 2026-02-04_12-21-25.obj,r_hip,-19.58,8.35,95.1231068
CanCan08_B 2026-02-04_12-21-25.obj,l_hip,18.99,8.86,95.1231068
CanCan08_B 2026-02-04_12-21-25.obj,r_foot,-14.55,1.64,-0.01
CanCan08_B 2026-02-04_12-21-25.obj,l_foot,22.33,-7.41,-0.03
CanCan08_B 2026-02-04_12-21-25.obj,crotch,-0.75,10.12,82.15581559
CanCan08_B 2026-02-04_12-21-25.obj,l_ankle,15.2852381,13.20285714,15.53380952
CanCan08_B 2026-02-04_12-21-25.obj,r_ankle,-15.57,13.62105263,15.57368421
CanCan08_B 2026-02-04_12-21-25.obj,lShoulder,19.43,8.89,151.35
CanCan08_B 2026-02-04_12-21-25.obj,rShoulder,-17.97,12.87,151.37
CanCan08_B 2026-02-04_12-21-25.obj,collar,0.73,10.88,151.36
CanCan08_B 2026-02-04_12-21-25.obj,lowerBack,-0.67,25.05,96.55
CanCan08_B 2026-02-04_12-21-25.obj,nose_tip,0.9,-8.59,165.72
CanCan10_A 2026-02-27_09-49-56.obj,r_wrist,-36.57214286,-9.067857143,92.15857143
CanCan10_A 2026-02-27_09-49-56.obj,l_wrist,36.26058824,-5.406470588,91.96529412
CanCan10_A 2026-02-27_09-49-56.obj,r_armpit,-22.75971846,nan,123.5323523
CanCan10_A 2026-02-27_09-49-56.obj,l_armpit,17.92130693,nan,123.9092062
CanCan10_A 2026-02-27_09-49-56.obj,r_hip,-23.89,2.25,88.06201923
CanCan10_A 2026-02-27_09-49-56.obj,l_hip,18.22,2.41,88.06201923
CanCan10_A 2026-02-27_09-49-56.obj,r_foot,-22.87,15.07,-9.227713632e-16
CanCan10_A 2026-02-27_09-49-56.obj,l_foot,14.09,11.6,-0.02
CanCan10_A 2026-02-27_09-49-56.obj,crotch,-2.87,4.83,74.52275538
CanCan10_A 2026-02-27_09-49-56.obj,l_ankle,16.16684211,9.494210526,15.77947368
CanCan10_A 2026-02-27_09-49-56.obj,r_ankle,-20.05789474,9.99,14.61421053
CanCan10_A 2026-02-27_09-49-56.obj,lShoulder,18.66,6.29,147.17
CanCan10_A 2026-02-27_09-49-56.obj,rShoulder,-22.88,6.35,148.22
CanCan10_A 2026-02-27_09-49-56.obj,collar,-2.11,6.32,147.695
CanCan10_A 2026-02-27_09-49-56.obj,lowerBack,-3.21,18.39,89.36
CanCan10_A 2026-02-27_09-49-56.obj,nose_tip,-2.87,-12.64,163.94
CanCan10_B 2026-02-27_09-55-20.obj,r_wrist,-37.80461538,1.017692308,90.14615385
CanCan10_B 2026-02-27_09-55-20.obj,l_wrist,37.73052632,0.03684210526,92.10421053
CanCan10_B 2026-02-27_09-55-20.obj,r_armpit,-21.27436867,nan,123.7737067
CanCan10_B 2026-02-27_09-55-20.obj,l_armpit,20.17491062,nan,124.1186303
CanCan10_B 2026-02-27_09-55-20.obj,r_hip,-22.29,9.02,88.32226415
CanCan10_B 2026-02-27_09-55-20.obj,l_hip,20.34,8.56,88.32226415
CanCan10_B 2026-02-27_09-55-20.obj,r_foot,-14.53,13.16,-0.01
CanCan10_B 2026-02-27_09-55-20.obj,l_foot,20.51,-7.77,-0.04
CanCan10_B 2026-02-27_09-55-20.obj,crotch,0.01,8.78,74.59230035
CanCan10_B 2026-02-27_09-55-20.obj,l_ankle,17.42263158,13.75210526,14.43526316
CanCan10_B 2026-02-27_09-55-20.obj,r_ankle,-17.7685,14.01,15.2075
CanCan10_B 2026-02-27_09-55-20.obj,lShoulder,20.84,13.75,147.16
CanCan10_B 2026-02-27_09-55-20.obj,rShoulder,-22.56,12.69,147
CanCan10_B 2026-02-27_09-55-20.obj,collar,-0.86,13.22,147.08
CanCan10_B 2026-02-27_09-55-20.obj,lowerBack,0.12,23.02,86.58
CanCan10_B 2026-02-27_09-55-20.obj,nose_tip,-2.42,-7.47,164.87
cancan07_A 2026-01-28_11-48-32.obj,r_wrist,-34.52176471,-2.272352941,84.59588235
cancan07_A 2026-01-28_11-48-32.obj,l_wrist,34.87666667,0.9553333333,83.27333333
cancan07_A 2026-01-28_11-48-32.obj,r_armpit,-15.58600516,nan,121.2773041
cancan07_A 2026-01-28_11-48-32.obj,l_armpit,16.29543013,nan,124.0322643
cancan07_A 2026-01-28_11-48-32.obj,r_hip,-19.04,-1.68,86.6334
cancan07_A 2026-01-28_11-48-32.obj,l_hip,19.33,-0.32,86.6334
cancan07_A 2026-01-28_11-48-32.obj,r_foot,-21.07,9.54,-0.01
cancan07_A 2026-01-28_11-48-32.obj,l_foot,9.37,1.16,-0.01
cancan07_A 2026-01-28_11-48-32.obj,crotch,-0.52,0.92,73.66182149
cancan07_A 2026-01-28_11-48-32.obj,l_ankle,11.78315789,5.632105263,14.51157895
cancan07_A 2026-01-28_11-48-32.obj,r_ankle,-14.31809524,5.213809524,12.62142857
cancan07_A 2026-01-28_11-48-32.obj,lShoulder,16.7,3.39,143.59
cancan07_A 2026-01-28_11-48-32.obj,rShoulder,-17.18,0.95,142.92
cancan07_A 2026-01-28_11-48-32.obj,collar,-0.24,2.17,143.255
cancan07_A 2026-01-28_11-48-32.obj,lowerBack,-0.69,14.53,87.84
cancan07_A 2026-01-28_11-48-32.obj,nose_tip,-1.19,-12.81,157.31
cancan07_B 2026-01-28_11-50-04.obj,r_wrist,-36.10333333,-1.756,87.81333333
cancan07_B 2026-01-28_11-50-04.obj,l_wrist,34.63230769,-0.2992307692,88.91076923
cancan07_B 2026-01-28_11-50-04.obj,r_armpit,-16.68370537,nan,121.3869595
cancan07_B 2026-01-28_11-50-04.obj,l_armpit,15.32580983,nan,125.4341757
cancan07_B 2026-01-28_11-50-04.obj,r_hip,-19.97,-4.11,86.8869
cancan07_B 2026-01-28_11-50-04.obj,l_hip,18.36,-2.17,86.8869
cancan07_B 2026-01-28_11-50-04.obj,r_foot,-13.14,13.87,-0.03
cancan07_B 2026-01-28_11-50-04.obj,l_foot,18.03,10.09,-0.03
cancan07_B 2026-01-28_11-50-04.obj,crotch,-1.21,0.42,73.70020627
cancan07_B 2026-01-28_11-50-04.obj,l_ankle,10.60105263,6.346842105,12.07578947
cancan07_B 2026-01-28_11-50-04.obj,r_ankle,-14.9125,7.663333333,15.32375
cancan07_B 2026-01-28_11-50-04.obj,lShoulder,15.51,2.81,143.33
cancan07_B 2026-01-28_11-50-04.obj,rShoulder,-17.02,0.66,143.74
cancan07_B 2026-01-28_11-50-04.obj,collar,-0.755,1.735,143.535
cancan07_B 2026-01-28_11-50-04.obj,lowerBack,1.08,13.17,85.17
cancan07_B 2026-01-28_11-50-04.obj,nose_tip,-1.34,-15.53,157.38
man.obj,r_wrist,-0.5104848387,0.05213612903,1.156366129
man.obj,l_wrist,0.5101403333,0.05195966667,1.15874
man.obj,r_armpit,-0.2104327443,nan,1.536088461
man.obj,l_armpit,0.2106874967,nan,1.538971076
man.obj,r_hip,-0.19137,-0.01558,1.073242459
man.obj,l_hip,0.19137,-0.01559,1.073242459
man.obj,r_foot,-0.16824,-0.07126,-0.00566
man.obj,l_foot,0.16824,-0.07126,-0.00566
man.obj,crotch,-0.00345,-0.04346,0.97547
man.obj,l_ankle,0.1780608696,0.079795,0.1972715217
man.obj,r_ankle,-0.1766739535,0.07834418605,0.1963553488
man.obj,lShoulder,0.21466,0.06886,1.71968
man.obj,rShoulder,-0.21466,0.06886,1.71968
man.obj,collar,0,0.06886,1.71968
man.obj,lowerBack,2e-05,0.13506,1.06667
man.obj,nose_tip,-0,-0.13184,1.90133
penn-mesh-1.obj,r_wrist,-0.03856345,0.0006814954545,0.08482667273
penn-mesh-1.obj,l_wrist,0.03875826667,0.0009561611111,0.08433735556
penn-mesh-1.obj,r_armpit,-0.01059200939,nan,0.07775846115
penn-mesh-1.obj,l_armpit,0.0131876243,nan,0.08032327184
penn-mesh-1.obj,r_hip,-0.0105276,0.0041193,0.05313678718
penn-mesh-1.obj,l_hip,0.011224,0.0045915,0.05313678718
penn-mesh-1.obj,r_foot,-0.0095832,-0.0022975,0.0001065
penn-mesh-1.obj,l_foot,0.0059384,-0.0023705,0.0002748
penn-mesh-1.obj,crotch,0.0005389,0.0004163,0.04791468743
penn-mesh-1.obj,l_ankle,0.0071084875,0.0054159,0.0111940125
penn-mesh-1.obj,r_ankle,-0.006721011111,0.005777094444,0.0111887
penn-mesh-1.obj,lShoulder,0.0137069,0.0004216,0.0874071
penn-mesh-1.obj,rShoulder,-0.0106947,-0.0007605,0.0881251
penn-mesh-1.obj,collar,0.0015061,-0.00016945,0.0877661
penn-mesh-1.obj,lowerBack,0.0005418,0.0114219,0.0528944
penn-mesh-1.obj,nose_tip,4.73e-05,-0.0106079,0.0963446
penn-mesh-2.obj,r_wrist,-33.07045455,-2.915909091,92.69181818
penn-mesh-2.obj,l_wrist,36.25714286,-1.621904762,96.13047619
penn-mesh-2.obj,r_armpit,-16.52580135,nan,118.8032297
penn-mesh-2.obj,l_armpit,22.02844944,nan,109.1679657
penn-mesh-2.obj,r_hip,-17.22,4.24,87.84121739
penn-mesh-2.obj,l_hip,21.04,7.25,87.84121739
penn-mesh-2.obj,r_foot,-13.95,11.76,-7.200923179e-16
penn-mesh-2.obj,l_foot,16.1,11.76,-7.200923179e-16
penn-mesh-2.obj,crotch,2.9,6.5,76.04841204
penn-mesh-2.obj,l_ankle,14.63434783,7.09173913,13.89913043
penn-mesh-2.obj,r_ankle,-12.54703704,6.117037037,13.10518519
penn-mesh-2.obj,lShoulder,22.11,13.26,148.85
penn-mesh-2.obj,rShoulder,-16.95,11.76,148.61
penn-mesh-2.obj,collar,2.58,12.51,148.73
penn-mesh-2.obj,lowerBack,2.89,19.88,88.37
penn-mesh-2.obj,nose_tip,0.32,-4.31,157.41
