file,n_vertices,n_faces,units,warnings,height,chestGirth,waistGirth,hipGirth,rThighGirth,lThighGirth,rCalfGirth,lCalfGirth,rAnkleGirth,lAnkleGirth,rBicepGirth,lBicepGirth,rForearmGirth,lForearmGirth,rWristGirth,lWristGirth,rArmLength,lArmLength,rLegLength,lLegLength,trunkLength,crotchHeight,collarScalpLength,SA_total,SA_head,SA_trunk,SA_rArm,SA_lArm,SA_rleg,SA_lleg,SA_legs,VOL_total,rAnkleGirth_fixed,lAnkleGirth_fixed,trunkLength_fixed,collarScalpLength_fixed,seg_left_arm,seg_right_arm,seg_legs,seg_head,seg_trunk,seg_left_leg,seg_right_leg
A00-08-4914_A 2025-12-09_12-27-17.obj,5005,9998,cm,,154.66,91.29191269,84.09199329,106.8348027,58.681536,59.59611138,39.78127516,39.82852038,24.66456458,25.71729283,35.92258581,36.88832127,28.42013285,25.62901751,19.98976143,16.96879927,42.27421518,43.33304507,75.11113754,75.11113754,64.1121076,68.49708811,150.2902366,16189.53837,1557.463173,5109.460722,1696.203156,1602.200717,3376.36621,3542.039856,6823.279995,68354.32156,25.71729283,24.66456458,57.96293346,28.28108202,583,622,1894,630,1276,989,905
A00-08-4914_B 2025-12-09_12-31-25.obj,4997,9990,cm,,154.9,82.34750494,89.2612513,107.0553027,59.16369519,59.45362278,39.53706585,40.10286531,25.09305733,25.57792402,40.3395128,38.48103556,25.66012555,26.95550081,18.72041355,19.53642857,40.44454695,39.08392018,75.18289062,75.19288972,66.89491487,69.61660586,152.1624587,15942.95841,1492.04347,4812.038781,1764.681759,1728.728109,3414.825107,3458.293002,6810.010424,67868.01779,25.57792402,25.09305733,57.09484691,28.22325858,653,675,1888,604,1177,959,929
A00-09-0254 2025-12-10_10-37-18.obj,5005,9999,cm,,173.85,85.01379446,85.05956512,103.3911803,56.65597166,55.33422574,39.07834608,38.69871652,23.70154011,25.82695407,36.48912958,36.29926413,30.47153304,29.9424848,23.09688028,23.30678904,46.92825905,47.32127015,86.49334258,86.49334258,71.95719018,79.98864288,165.7805194,19146.21794,2050.145474,5321.790467,2153.258449,2157.700782,4298.458209,3981.599428,8233.037968,75201.21121,25.82695407,23.70154011,63.34015195,30.56781723,633,631,2037,587,1117,970,1067
A00-09-0254 2025-12-10_10-38-56.obj,4993,9986,cm,arm length asymmetry (44 vs 27),174.27,102.5772594,107.4554087,115.749066,58.50677069,54.90797326,39.28291926,38.20224601,23.474353,25.806394,43.45541517,4.949362458,31.50228142,14.18932918,20.70565707,14.35041921,44.46502581,27.25073876,87.47810439,87.48810411,72.97888932,78.20299806,168.9568266,18999.80691,1969.895569,6944.987749,2348.633311,294.8443207,4119.922195,4160.821984,8249.580124,76500.15863,25.806394,23.474353,48.12199117,48.59026086,82,732,2071,551,1557,1029,1042
A00-09-2104_A 2025-11-19_11-49-31.obj,5006,10000,cm,,164.44,107.6897155,112.8189982,119.4171214,63.58587789,62.23279383,37.78553167,43.68928014,29.68585426,31.38199082,36.53359728,37.26314396,26.28599028,29.35311243,20.43427758,22.33127719,40.10540428,41.46500827,86.5975848,86.5975848,79.56029651,80.0697433,163.9269521,18702.96745,1864.758705,5874.76135,1608.480925,1701.855548,4230.038793,4223.82775,8370.753604,87325.32477,31.38199082,29.68585426,56.18812013,28.20134926,532,498,2230,560,1186,1065,1165
A00-09-2104_B 2025-11-19_11-54-21.obj,5007,9999,cm,,164.4,106.4334895,113.9180633,120.2908639,62.2381448,61.73204543,38.74053636,38.99316695,29.90486473,31.6502544,36.4069472,37.96917547,26.37070012,30.83901994,19.39027654,24.00821249,39.74499957,39.24221023,86.48367238,86.49366125,73.34601967,77.07888183,160.6723804,18977.73906,1891.008022,5961.9764,1586.717913,1756.571042,4393.670832,4102.460045,8441.378829,87512.98344,31.6502544,29.90486473,58.89878043,28.46668623,551,475,2189,593,1198,1040,1149
CanCan011_A 2026-03-10_13-12-57.obj,5002,10000,cm,,168.38,87.95873093,85.65112528,108.6724186,56.73990331,56.05095228,36.07666307,34.36771676,23.536727,24.41841932,30.08386163,29.8379569,23.96645087,23.30632372,16.21341648,14.3204878,46.90250175,45.44656812,87.0655611,87.0655611,78.94064282,79.86937188,167.4557227,17231.2643,1613.683684,5341.641027,1741.746065,1646.649167,3885.705548,3772.25683,7631.58814,68040.02266,24.41841932,23.536727,63.11347182,25.47557752,601,611,2020,534,1235,1009,1011
CanCan011_B 2026-03-10_13-17-36.obj,5002,10000,cm,,168.86,91.18299591,83.36325198,108.7460788,57.25329375,55.7078156,36.17488795,36.455244,24.29133457,25.05839639,29.83258625,29.59089371,22.79310804,23.77952245,15.13725556,14.01726825,49.61155446,45.23767383,86.75622076,86.75622076,84.40649315,83.71486041,169.5526335,17318.40549,1727.117069,5237.50989,1691.894339,1509.483123,3953.496979,3887.829382,7818.043267,68314.48922,25.05839639,24.29133457,58.74248568,26.42190474,546,579,2134,572,1171,1108,1026
CanCan01_A 2025-10-27_11-10-43.obj,5002,10000,cm,crotch at 36% of height (expect ~45),157.37,133.0531991,138.4672592,118.3280884,69.92371634,64.09222667,47.65837107,47.43799536,28.16639372,29.52803941,43.16046591,42.27510666,30.76614056,25.51654416,24.9586838,20.66097428,33.17578665,44.01109124,68.07083445,68.0808329,49.12065117,56.15006486,150.3437368,20179.30503,2300.969293,8806.538463,1788.492307,1747.130995,3351.542945,3207.470734,6489.420611,119924.5502,29.52803941,28.16639372,71.82533611,29.41410588,510,503,1547,637,1804,743,804
CanCan01_B 2025-10-27_11-22-43.obj,5002,10000,cm,,156.37,134.0274239,139.1923573,127.6694577,72.1430489,73.49559372,48.34781562,47.39368019,28.46088555,30.09842217,41.52097586,42.5458435,26.52776678,25.73400772,25.72281601,22.85435865,43.3706917,44.1228414,73.75110136,73.74110323,57.93871303,64.57727821,149.7058687,20358.0723,2349.909414,7822.161958,1764.117897,1825.382097,3773.706176,3819.321389,7526.404151,120804.6642,30.09842217,28.46088555,61.63257162,30.18930812,529,510,1752,666,1544,904,848
CanCan02_A 2025-11-13_11-42-08.obj,5002,10000,cm,,173.63,93.50553118,82.87026366,97.12150809,56.96907879,57.13042395,40.72177348,40.90055307,23.9031506,26.90529655,33.87643469,33.10002985,27.49556379,24.58650043,20.44620633,19.73527039,47.94220062,51.34357624,87.79072924,87.78072972,66.97284157,75.92963417,164.6600027,18700.82265,1964.068244,5302.685881,2135.2634,2069.379578,4022.942507,3983.408301,7993.108601,72939.26625,26.90529655,23.9031506,66.25871561,31.45501431,710,691,1932,547,1122,964,968
CanCan02_B 2025-11-13_11-50-16.obj,5002,10000,cm,,173.03,95.11725459,81.84143869,99.06717261,55.08413981,52.99598814,40.84298168,41.58407021,24.73806359,26.7067292,28.37827098,30.7122286,18.2601628,21.80821315,16.69265976,13.56069727,65.3623095,46.79254376,84.20327969,84.16331349,59.72081177,75.67009976,157.0472198,18067.16294,1932.308979,5650.607765,1858.418541,1677.452753,3868.349515,3754.558788,7602.662496,68084.46484,26.7067292,24.73806359,65.8872682,31.51606336,584,575,1844,674,1324,902,942
CanCan08_A 2026-02-04_12-13-30.obj,4995,9988,cm,,183.97,106.9874717,98.72099215,109.6004162,62.51749947,62.72116864,42.66406746,42.50743652,26.26541276,29.03660763,36.60566504,37.78112208,28.40118014,31.84069689,16.38612752,22.29027628,53.54648621,47.34241884,93.85448177,93.87448155,74.77556538,82.43954833,176.3090838,21322.48877,2236.03603,6590.351349,1905.736654,2238.699397,4658.102446,4601.143336,9224.475974,95322.40184,29.03660763,26.26541276,69.60654425,31.9475449,671,527,1992,599,1206,975,1017
CanCan08_B 2026-02-04_12-21-25.obj,4999,9982,cm,,183.37,106.4422647,98.27414918,108.1462898,62.77158033,64.04158429,42.91011063,42.03191183,25.92966274,29.81006538,34.53100316,34.3572194,30.75835942,29.24147735,10.2683065,21.60662127,44.28526125,48.90497502,95.23258808,95.21260478,71.29117959,82.18581559,172.470799,21019.23196,2267.854896,6442.949546,1756.191666,2004.959123,4656.31559,4808.948175,9438.20107,92837.5217,29.81006538,25.92966274,69.22000824,32.03818503,548,536,2069,613,1232,1055,1014
CanCan10_A 2026-02-27_09-49-56.obj,4997,9990,cm,,180.57,119.3862519,112.1653299,116.0723666,67.16165235,66.16953869,44.31185502,41.75320596,25.00923419,29.10149928,40.24155257,40.20706031,34.66418085,31.51134035,26.1312396,21.53704463,45.82962214,47.13426525,88.19134998,88.17137478,68.20698968,74.54275538,174.2718718,22207.36954,2567.547224,7679.936834,2156.248574,2081.5741,4299.725028,4306.623488,8589.544243,112000.8238,29.10149928,25.00923419,73.17619136,33.07632726,549,557,1867,664,1360,920,947
CanCan10_B 2026-02-27_09-55-20.obj,5002,10000,cm,,181.19,121.8687259,113.2662842,116.7858571,67.49636958,65.93975978,45.25453283,42.59666942,25.80090021,29.49456649,39.61488995,39.09068574,34.08780341,31.76305652,25.27138248,21.73880899,47.94925814,46.81815362,88.41283745,88.38285462,61.3784665,74.63230035,167.9343592,22659.70333,2751.609874,7643.752974,2298.716287,2113.666577,4478.923875,4323.624208,8783.539878,114325.536,29.49456649,25.80090021,72.49292035,34.09147987,530,574,1840,703,1355,916,924
cancan07_A 2026-01-28_11-48-32.obj,5002,10000,cm,,178.07,91.32220839,91.2203485,107.5599195,59.45725791,61.50510662,42.63625989,42.34980567,25.87683361,25.46559291,32.29708798,31.78809668,28.41819722,24.46493445,18.11500399,19.13125365,50.84808572,53.7759702,86.84066596,86.84066596,71.4923698,73.67182149,175.9280754,19171.80668,2142.862419,5972.478481,1999.45177,1961.25879,3820.873498,3982.012222,7768.769754,80302.73633,25.46559291,25.87683361,69.59374178,34.99690879,622,618,1830,676,1255,936,894
cancan07_B 2026-01-28_11-50-04.obj,4995,9986,cm,,177.61,93.98972403,91.46093945,107.5899904,61.01001916,60.7630039,42.58987698,42.57283737,25.62075757,26.48672048,33.58262196,32.36419853,29.69888002,29.43043917,18.58773028,19.0558926,48.71545045,49.36429975,86.95128251,86.95128251,71.96664462,73.73020627,175.8855157,19394.59993,2161.123141,6011.557145,2034.416895,1980.297775,3929.91035,4053.72595,7972.327486,81047.80404,26.48672048,25.62075757,69.83627597,34.25365163,619,615,1824,661,1276,899,925
man.obj,24461,48918,cm,,2.07407,1.214856089,0.9020012984,1.080385273,0.6335519436,0.6333746463,0.4832139868,0.4834272039,0.261013712,0.2604385348,0.4718096842,0.4709553756,0.3580109045,0.363201363,0.218255911,0.2178723702,0.5577603873,0.5567199637,1.078902459,1.078902459,0.9066165643,0.98113,1.99955,2.671784787,0.253351962,0.7274387086,0.3052730181,0.3049166978,0.5596801078,0.5611451222,1.120761463,0.1200789478,0.2604385348,0.261013712,0.7442179967,0.34873,3355,3359,10184,2309,5254,5102,5082
penn-mesh-1.obj,6890,13776,cm,,0.1076781,0.05993124224,0.05198634751,0.05925296343,0.03322053822,0.03463085915,0.02411137816,0.02382773602,0.01732276548,0.01730831732,0.01797703176,0.01773998818,0.016931233,0.01614253485,0.01273673948,0.0125317456,0.02798364773,0.02531540823,0.05289339118,0.05306159157,0.04809386393,0.04780818743,0.1079636084,0.007232179417,0.0009620562301,0.002182619738,0.000726084762,0.0006340636027,0.001471582807,0.001448075433,0.002906847501,1.771736717e-05,0.01730831732,0.01732276548,0.03986314789,0.02006998161,1237,1328,1410,1338,1577,679,731
penn-mesh-2.obj,24971,49938,cm,,175.88,117.6136667,113.4694783,107.5577492,57.24919285,56.05094921,38.67697506,37.0016159,23.14450759,24.08367825,40.65406142,33.03691721,33.13033281,30.50760837,23.50082794,22.96453467,44.14709349,35.80912206,87.84779507,87.84779507,63.53921784,76.04841204,163.4130331,20145.17286,1865.058431,7397.438253,2175.629755,1736.280243,3744.859517,3632.644794,7354.521322,98838.41475,24.08367825,23.14450759,72.6822924,27.40775438,2399,3036,8686,2567,8283,4293,4393
