source_file,slice_index,z,height_percent,num_loops,max_perimeter,sum_perimeter,max_area,sum_area,width,depth,left_max_perimeter,right_max_perimeter,left_sum_area,right_sum_area
/scratch/gsunka1/Pennington-mat/Pennington-MATLAB-Python/Python_Fall2025/model_files/OBJ/CanCan08_B 2026-02-04_12-21-25.obj,0,18.36305040611796,0.9999999999999999,2,733.4363671474553,1418.8717576606446,28339.19883516035,54203.8651456146,509.78127990262396,299.94867363742406,685.4353905131894,733.4363671474553,25864.666310454253,28339.19883516035
/scratch/gsunka1/Pennington-mat/Pennington-MATLAB-Python/Python_Fall2025/model_files/OBJ/CanCan08_B 2026-02-04_12-21-25.obj,1,27.406160656367007,1.4924623115577889,2,667.3375591400061,1331.5291657839402,23987.529243808327,47853.02171570415,497.79385738456784,281.76159918424696,664.191606643934,667.3375591400061,23987.529243808327,23865.49247189582
/scratch/gsunka1/Pennington-mat/Pennington-MATLAB-Python/Python_Fall2025/model_files/OBJ/CanCan08_B 2026-02-04_12-21-25.obj,2,36.44927090661605,1.9849246231155775,2,608.7319581352253,1206.0076859143887,20662.817323024967,40296.04321281772,478.1225093946624,257.9504446753244,608.7319581352253,597.2757277791634,20662.817323024967,19633.225889792753
/scratch/gsunka1/Pennington-mat/Pennington-MATLAB-Python/Python_Fall2025/model_files/OBJ/CanCan08_B 2026-02-04_12-21-25.obj,3,45.4923811568651,2.4773869346733672,2,540.1726812360785,1074.462003864889,17132.76373423521,33247.38473973719,455.9428758592642,230.6196058335326,540.1726812360785,534.2893226288106,17132.76373423521,16114.621005501976
/scratch/gsunka1/Pennington-mat/Pennington-MATLAB-Python/Python_Fall2025/model_files/OBJ/CanCan08_B 2026-02-04_12-21-25.obj,4,54.53549140711415,2.969849246231156,2,490.6939624093713,969.187510829668,14535.915532871848,27807.201372605938,435.8592850796464,207.17968528881443,490.6939624093713,478.4935484202967,14535.915532871848,13271.28583973409
/scratch/gsunka1/Pennington-mat/Pennington-MATLAB-Python/Python_Fall2025/model_files/OBJ/CanCan08_B 2026-02-04_12-21-25.obj,5,63.578601657363194,3.462311557788945,2,447.65234199799545,862.5845881198368,12434.451329135049,23185.76402385199,422.2162551837417,182.6250556148238,447.65234199799545,414.9322461218413,12434.451329135049,10751.31269471694
/scratch/gsunka1/Pennington-mat/Pennington-MATLAB-Python/Python_Fall2025/model_files/OBJ/CanCan08_B 2026-02-04_12-21-25.obj,6,72.62171190761224,3.9547738693467336,2,408.2882571891628,775.631496146086,10656.051162187043,19597.656579398998,409.76950066083947,164.15368699542836,408.2882571891628,367.34323895692324,10656.051162187043,8941.605417211955
/scratch/gsunka1/Pennington-mat/Pennington-MATLAB-Python/Python_Fall2025/model_files/OBJ/CanCan08_B 2026-02-04_12-21-25.obj,7,81.6648221578613,4.447236180904523,2,368.5855302370829,695.8561692017333,9124.347935313446,16706.973602014456,398.754766386208,143.13121393024718,368.5855302370829,327.27063896465046,9124.347935313446,7582.625666701009
/scratch/gsunka1/Pennington-mat/Pennington-MATLAB-Python/Python_Fall2025/model_files/OBJ/CanCan08_B 2026-02-04_12-21-25.obj,8,90.70793240811034,4.939698492462312,2,340.68104790512047,643.4928014374648,8200.276636029681,14843.428179780327,395.64197275392235,128.63067639557858,340.68104790512047,302.81175353234426,8200.276636029681,6643.151543750646
/scratch/gsunka1/Pennington-mat/Pennington-MATLAB-Python/Python_Fall2025/model_files/OBJ/CanCan08_B 2026-02-04_12-21-25.obj,9,99.75104265835938,5.432160804020101,2,324.4954982323196,609.746132760288,7720.213539819291,13710.012453768533,394.8933322094049,119.1671348074493,324.4954982323196,285.25063452796843,7720.213539819291,5989.798913949242
/scratch/gsunka1/Pennington-mat/Pennington-MATLAB-Python/Python_Fall2025/model_files/OBJ/CanCan08_B 2026-02-04_12-21-25.obj,10,108.79415290860842,5.92462311557789,2,313.7581062539809,588.4295409587494,7285.4399106304045,12927.589086550797,392.5287977576669,113.63782761218876,313.7581062539809,274.6714347047685,7285.4399106304045,5642.149175920393
/scratch/gsunka1/Pennington-mat/Pennington-MATLAB-Python/Python_Fall2025/model_files/OBJ/CanCan08_B 2026-02-04_12-21-25.obj,11,117.83726315885748,6.417085427135679,2,301.835470241241,566.8572591201032,6816.586788607456,12102.69714577643,389.6534361048146,108.1085204169282,301.835470241241,265.02178887886214,6816.586788607456,5286.110357168975
/scratch/gsunka1/Pennington-mat/Pennington-MATLAB-Python/Python_Fall2025/model_files/OBJ/CanCan08_B 2026-02-04_12-21-25.obj,12,126.88037340910653,6.909547738693468,2,295.1570514619808,553.6855492978937,6548.323932365645,11587.163697267868,386.7029335672549,104.35308268524201,295.1570514619808,258.52849783591284,6548.323932365645,5038.839764902223
/scratch/gsunka1/Pennington-mat/Pennington-MATLAB-Python/Python_Fall2025/model_files/OBJ/CanCan08_B 2026-02-04_12-21-25.obj,13,135.92348365935555,7.402010050251255,2,290.7424203740317,544.4360001945544,6322.4322567848285,11171.08149473375,383.714623986718,101.80872386128407,290.7424203740317,253.69357982052264,6322.4322567848285,4848.649237948921
/scratch/gsunka1/Pennington-mat/Pennington-MATLAB-Python/Python_Fall2025/model_files/OBJ/CanCan08_B 2026-02-04_12-21-25.obj,14,144.96659390960463,7.894472361809046,2,285.69504151158173,537.8342785281263,6147.823477579368,10944.58901747808,384.56556286658804,100.06469213205273,285.69504151158173,252.1392370165446,6147.823477579368,4796.765539898712
/scratch/gsunka1/Pennington-mat/Pennington-MATLAB-Python/Python_Fall2025/model_files/OBJ/CanCan08_B 2026-02-04_12-21-25.obj,15,154.00970415985367,8.386934673366834,2,284.49951244674355,537.6870700400748,6167.232165843758,11026.616595555955,386.70041786708094,99.83349086020118,284.49951244674355,253.18755759333123,6167.232165843758,4859.384429712198
/scratch/gsunka1/Pennington-mat/Pennington-MATLAB-Python/Python_Fall2025/model_files/OBJ/CanCan08_B 2026-02-04_12-21-25.obj,16,163.0528144101027,8.879396984924623,2,288.3272019740943,543.5650535944305,6353.245980524298,11333.664853421637,387.45221469609805,101.14708129735295,288.3272019740943,255.23785162033622,6353.245980524298,4980.418872897339
/scratch/gsunka1/Pennington-mat/Pennington-MATLAB-Python/Python_Fall2025/model_files/OBJ/CanCan08_B 2026-02-04_12-21-25.obj,17,172.09592466035176,9.37185929648241,2,292.32348662186007,552.1097047984476,6547.381959035338,11687.653021073042,390.1662587765984,100.73202624522962,292.32348662186007,259.78621817658757,6547.381959035338,5140.271062037704
/scratch/gsunka1/Pennington-mat/Pennington-MATLAB-Python/Python_Fall2025/model_files/OBJ/CanCan08_B 2026-02-04_12-21-25.obj,18,181.1390349106008,9.8643216080402,2,296.29685632909724,559.5358926542327,6715.860696021235,12001.89788470672,394.7650628703204,100.36886457608547,296.29685632909724,263.2390363251355,6715.860696021235,5286.037188685485
/scratch/gsunka1/Pennington-mat/Pennington-MATLAB-Python/Python_Fall2025/model_files/OBJ/CanCan08_B 2026-02-04_12-21-25.obj,19,190.18214516084984,10.356783919597989,2,300.04793814710473,567.0281050155274,6959.963970811747,12450.269032842378,396.46380042619126,101.49520032161674,300.04793814710473,266.98016686842277,6959.963970811747,5490.305062030631
/scratch/gsunka1/Pennington-mat/Pennington-MATLAB-Python/Python_Fall2025/model_files/OBJ/CanCan08_B 2026-02-04_12-21-25.obj,20,199.22525541109889,10.849246231155778,2,306.50626447759754,578.800050194969,7296.415816610184,13026.732231443195,398.5083223144796,102.4037613678192,306.50626447759754,272.29378571737146,7296.415816610184,5730.316414833011
/scratch/gsunka1/Pennington-mat/Pennington-MATLAB-Python/Python_Fall2025/model_files/OBJ/CanCan08_B 2026-02-04_12-21-25.obj,21,208.26836566134796,11.341708542713569,2,308.8211807423854,588.6532631778255,7338.7210984483245,13365.16137138853,398.8884765058825,101.9659312030586,308.8211807423854,279.83208243544004,7338.7210984483245,6026.440272940206
/scratch/gsunka1/Pennington-mat/Pennington-MATLAB-Python/Python_Fall2025/model_files/OBJ/CanCan08_B 2026-02-04_12-21-25.obj,22,217.311475911597,11.834170854271358,2,307.66932712626027,594.291271466408,7286.9913741214405,13611.696262404774,399.9350313645341,100.15569234633097,307.66932712626027,286.6219443401478,7286.9913741214405,6324.704888283333
/scratch/gsunka1/Pennington-mat/Pennington-MATLAB-Python/Python_Fall2025/model_files/OBJ/CanCan08_B 2026-02-04_12-21-25.obj,23,226.35458616184604,12.326633165829147,2,311.3800976015857,600.9198618164369,7481.729303302302,13950.399965097793,401.7265078864887,99.97132706360388,311.3800976015857,289.5397642148511,7481.729303302302,6468.6706617954915
/scratch/gsunka1/Pennington-mat/Pennington-MATLAB-Python/Python_Fall2025/model_files/OBJ/CanCan08_B 2026-02-04_12-21-25.obj,24,235.3976964120951,12.819095477386936,2,320.7063496759253,613.8639484253913,7957.814734363856,14589.514068973382,404.30166809003555,102.68387725518815,320.7063496759253,293.15759874946605,7957.814734363856,6631.699334609526
/scratch/gsunka1/Pennington-mat/Pennington-MATLAB-Python/Python_Fall2025/model_files/OBJ/CanCan08_B 2026-02-04_12-21-25.obj,25,244.44080666234413,13.311557788944723,2,330.2656295193538,631.6678286774832,8434.30962396157,15408.378092925035,404.28168753914224,105.64699755940137,330.2656295193538,301.4021991581293,8434.30962396157,6974.068468963465
/scratch/gsunka1/Pennington-mat/Pennington-MATLAB-Python/Python_Fall2025/model_files/OBJ/CanCan08_B 2026-02-04_12-21-25.obj,26,253.48391691259317,13.804020100502512,2,339.8545671050445,652.2286379628049,8928.90507697963,16353.970874343271,404.6806284151518,109.41027773085064,339.8545671050445,312.3740708577604,8928.90507697963,7425.065797363641
/scratch/gsunka1/Pennington-mat/Pennington-MATLAB-Python/Python_Fall2025/model_files/OBJ/CanCan08_B 2026-02-04_12-21-25.obj,27,262.5270271628422,14.296482412060302,2,349.4858131731962,672.5220921570989,9456.470155349525,17376.334478677396,405.9376468113883,111.45946720014557,349.4858131731962,323.03627898390266,9456.470155349525,7919.864323327871
/scratch/gsunka1/Pennington-mat/Pennington-MATLAB-Python/Python_Fall2025/model_files/OBJ/CanCan08_B 2026-02-04_12-21-25.obj,28,271.5701374130913,14.788944723618092,2,359.2365796336953,692.9516538906572,9921.09293187433,18432.727958532312,407.5084487091371,113.48207483045951,359.2365796336953,333.7150742569619,9921.09293187433,8511.635026657983
/scratch/gsunka1/Pennington-mat/Pennington-MATLAB-Python/Python_Fall2025/model_files/OBJ/CanCan08_B 2026-02-04_12-21-25.obj,29,280.6132476633403,15.28140703517588,2,369.45514101380166,713.2803991506273,10449.026534310135,19522.939130595973,410.05695182944044,115.62256576407658,369.45514101380166,343.82525813682565,10449.026534310135,9073.912596285838
/scratch/gsunka1/Pennington-mat/Pennington-MATLAB-Python/Python_Fall2025/model_files/OBJ/CanCan08_B 2026-02-04_12-21-25.obj,30,289.6563579135894,15.77386934673367,2,379.5830645611809,732.8543073093826,11103.970610868826,20661.191440916504,412.32228547889696,117.92077529790022,379.5830645611809,353.2712427482017,11103.970610868826,9557.220830047678
/scratch/gsunka1/Pennington-mat/Pennington-MATLAB-Python/Python_Fall2025/model_files/OBJ/CanCan08_B 2026-02-04_12-21-25.obj,31,298.6994681638384,16.266331658291456,2,389.6998234108734,751.0031280080582,11676.3251593335,21656.63370490994,412.7432105182089,120.79863573468859,389.6998234108734,361.30330459718476,11676.3251593335,9980.308545576438
/scratch/gsunka1/Pennington-mat/Pennington-MATLAB-Python/Python_Fall2025/model_files/OBJ/CanCan08_B 2026-02-04_12-21-25.obj,32,307.74257841408746,16.758793969849247,2,398.8667129085768,766.2380263302435,12196.643570072367,22542.23402356502,412.84510130358564,122.8520057927885,398.8667129085768,367.37131342166674,12196.643570072367,10345.590453492652
/scratch/gsunka1/Pennington-mat/Pennington-MATLAB-Python/Python_Fall2025/model_files/OBJ/CanCan08_B 2026-02-04_12-21-25.obj,33,316.78568866433653,17.251256281407038,2,409.37676654249776,785.7405733823182,12659.0349263541,23501.327713192062,414.0182078391256,125.40649789648248,409.37676654249776,376.3638068398205,12659.0349263541,10842.292786837963
/scratch/gsunka1/Pennington-mat/Pennington-MATLAB-Python/Python_Fall2025/model_files/OBJ/CanCan08_B 2026-02-04_12-21-25.obj,34,325.82879891458555,17.743718592964825,2,417.2228767647683,807.5977143071873,13114.654641488683,24660.943922872597,415.1913143746654,128.9293303539787,417.2228767647683,390.3748375424191,13114.654641488683,11546.289281383913
/scratch/gsunka1/Pennington-mat/Pennington-MATLAB-Python/Python_Fall2025/model_files/OBJ/CanCan08_B 2026-02-04_12-21-25.obj,35,334.8719091648346,18.236180904522616,2,421.2744001046644,817.9376484389784,13553.769752692431,25568.277526706865,416.54638318661125,135.69999659145216,421.2744001046644,396.663248334314,13553.769752692431,12014.507774014433
/scratch/gsunka1/Pennington-mat/Pennington-MATLAB-Python/Python_Fall2025/model_files/OBJ/CanCan08_B 2026-02-04_12-21-25.obj,36,343.91501941508363,18.728643216080403,2,422.4155361630861,825.2908637459577,13766.421692624863,26314.19313286047,417.4248415648374,137.32750157056853,422.4155361630861,402.8753275828717,13766.421692624863,12547.771440235607
/scratch/gsunka1/Pennington-mat/Pennington-MATLAB-Python/Python_Fall2025/model_files/OBJ/CanCan08_B 2026-02-04_12-21-25.obj,37,352.9581296653327,19.22110552763819,2,423.1563637782411,832.1579065210465,13774.54471194488,26760.416718476074,418.30329994306356,137.92041795536795,423.1563637782411,409.00154274280544,13774.54471194488,12985.872006531194
/scratch/gsunka1/Pennington-mat/Pennington-MATLAB-Python/Python_Fall2025/model_files/OBJ/CanCan08_B 2026-02-04_12-21-25.obj,38,362.0012399155817,19.71356783919598,2,423.4242589998649,836.4339238818807,13768.056665026292,26955.68786801258,418.87661521292466,136.1966106273136,423.4242589998649,413.0096648820157,13768.056665026292,13187.63120298629
/scratch/gsunka1/Pennington-mat/Pennington-MATLAB-Python/Python_Fall2025/model_files/OBJ/CanCan08_B 2026-02-04_12-21-25.obj,39,371.0443501658308,20.20603015075377,3,418.55314846301036,854.9597828293663,13501.655368310167,26742.185338631716,419.17934235382614,136.87730279368802,418.55314846301036,414.8007791934154,13501.655368310167,13240.52997032155
/scratch/gsunka1/Pennington-mat/Pennington-MATLAB-Python/Python_Fall2025/model_files/OBJ/CanCan08_B 2026-02-04_12-21-25.obj,40,380.0874604160798,20.698492462311556,2,416.51924661884686,827.7880593019631,13340.361937900918,26426.005725221185,419.9900323725421,138.76012102777617,411.2688126831163,416.51924661884686,13085.643787320267,13340.361937900918
/scratch/gsunka1/Pennington-mat/Pennington-MATLAB-Python/Python_Fall2025/model_files/OBJ/CanCan08_B 2026-02-04_12-21-25.obj,41,389.1305706663289,21.190954773869347,2,415.50047962886606,819.0599228006388,13339.135006473865,25890.928565350478,421.0571796343235,137.26250481223263,403.5594431717727,415.50047962886606,12551.793558876612,13339.135006473865
/scratch/gsunka1/Pennington-mat/Pennington-MATLAB-Python/Python_Fall2025/model_files/OBJ/CanCan08_B 2026-02-04_12-21-25.obj,42,398.17368091657795,21.683417085427138,2,413.8705032731175,810.4239018679946,13242.774384822289,25241.496380548168,420.63998456745037,133.4585596054119,396.5533985948771,413.8705032731175,11998.721995725879,13242.774384822289
/scratch/gsunka1/Pennington-mat/Pennington-MATLAB-Python/Python_Fall2025/model_files/OBJ/CanCan08_B 2026-02-04_12-21-25.obj,43,407.21679116682697,22.175879396984925,2,414.7629868455686,806.1981079203392,13132.580415616976,24823.930221924587,418.1891167316836,131.93456608940488,391.4351210747707,414.7629868455686,11691.349806307611,13132.580415616976
/scratch/gsunka1/Pennington-mat/Pennington-MATLAB-Python/Python_Fall2025/model_files/OBJ/CanCan08_B 2026-02-04_12-21-25.obj,44,416.25990141707604,22.668341708542716,2,410.6470400767225,799.4701057701665,12980.137421217398,24467.16648582145,415.1853013542461,133.0783256351604,388.823065693444,410.6470400767225,11487.029064604052,12980.137421217398
/scratch/gsunka1/Pennington-mat/Pennington-MATLAB-Python/Python_Fall2025/model_files/OBJ/CanCan08_B 2026-02-04_12-21-25.obj,45,425.30301166732505,23.160804020100503,2,403.28489849701225,792.6029090761674,12697.213251680922,24126.801212170336,412.4665142810097,132.12997399193196,389.3180105791552,403.28489849701225,11429.587960489414,12697.213251680922
/scratch/gsunka1/Pennington-mat/Pennington-MATLAB-Python/Python_Fall2025/model_files/OBJ/CanCan08_B 2026-02-04_12-21-25.obj,46,434.3461219175741,23.653266331658294,2,398.0213120915726,793.5402296486529,12350.406050286343,23889.752931691648,409.8766587567514,132.42257972592895,395.5189175570803,398.0213120915726,11539.346881405305,12350.406050286343
/scratch/gsunka1/Pennington-mat/Pennington-MATLAB-Python/Python_Fall2025/model_files/OBJ/CanCan08_B 2026-02-04_12-21-25.obj,47,443.38923216782314,24.14572864321608,2,396.942421167092,793.7327289160007,12193.2409335657,23804.012516691655,404.1820519899424,133.70121578850282,396.7903077489087,396.942421167092,11610.771583125956,12193.2409335657
/scratch/gsunka1/Pennington-mat/Pennington-MATLAB-Python/Python_Fall2025/model_files/OBJ/CanCan08_B 2026-02-04_12-21-25.obj,48,452.4323424180722,24.638190954773872,2,397.2493224688196,789.8946671369523,12204.82040816077,23651.071341895527,398.42508415582284,135.57738475804308,392.6453446681327,397.2493224688196,11446.250933734758,12204.82040816077
/scratch/gsunka1/Pennington-mat/Pennington-MATLAB-Python/Python_Fall2025/model_files/OBJ/CanCan08_B 2026-02-04_12-21-25.obj,49,461.4754526683213,25.130653266331663,2,397.6422586090148,789.3515880878289,12233.545374977053,23582.925875288434,392.6681163217033,137.56023724372122,391.7093294788141,397.6422586090148,11349.380500311381,12233.545374977053
/scratch/gsunka1/Pennington-mat/Pennington-MATLAB-Python/Python_Fall2025/model_files/OBJ/CanCan08_B 2026-02-04_12-21-25.obj,50,470.5185629185703,25.62311557788945,2,396.978132314955,790.6953870060433,12170.81044593436,23571.006311815552,388.5396025269293,138.58904760992468,393.7172546910884,396.978132314955,11400.195865881193,12170.81044593436
/scratch/gsunka1/Pennington-mat/Pennington-MATLAB-Python/Python_Fall2025/model_files/OBJ/CanCan08_B 2026-02-04_12-21-25.obj,51,479.56167316881937,26.11557788944724,2,402.0980862777243,798.465901888871,12106.207746070686,23927.499265394326,383.74214421447607,140.29890230506797,402.0980862777243,396.36781561114674,11821.29151932364,12106.207746070686
/scratch/gsunka1/Pennington-mat/Pennington-MATLAB-Python/Python_Fall2025/model_files/OBJ/CanCan08_B 2026-02-04_12-21-25.obj,52,488.6047834190684,26.60804020100503,2,415.2886607458423,808.8624793438191,12717.524666000449,24688.114385127876,377.6041431868648,140.5234830612577,415.2886607458423,393.5738185979768,12717.524666000449,11970.589719127427
/scratch/gsunka1/Pennington-mat/Pennington-MATLAB-Python/Python_Fall2025/model_files/OBJ/CanCan08_B 2026-02-04_12-21-25.obj,53,497.64789366931745,27.100502512562816,2,422.5733510922227,815.4213864492979,13327.814052389534,25282.531853817592,371.6089706514341,140.73634877774288,422.5733510922227,392.8480353570751,13327.814052389534,11954.717801428058
/scratch/gsunka1/Pennington-mat/Pennington-MATLAB-Python/Python_Fall2025/model_files/OBJ/CanCan08_B 2026-02-04_12-21-25.obj,54,506.69100391956647,27.592964824120607,2,429.89475527224056,830.3566453092778,13773.905545039961,26216.28823381954,368.987067167025,142.36929729361233,429.89475527224056,400.4618900370373,13773.905545039961,12442.38268877958
/scratch/gsunka1/Pennington-mat/Pennington-MATLAB-Python/Python_Fall2025/model_files/OBJ/CanCan08_B 2026-02-04_12-21-25.obj,55,515.7341141698155,28.085427135678394,2,437.16774723079567,849.4936543126563,14194.966122096666,27305.98787002248,366.5811335621021,145.426162505113,437.16774723079567,412.32590708186063,14194.966122096666,13111.021747925814
/scratch/gsunka1/Pennington-mat/Pennington-MATLAB-Python/Python_Fall2025/model_files/OBJ/CanCan08_B 2026-02-04_12-21-25.obj,56,524.7772244200646,28.577889447236185,2,443.20121824588244,867.150791010195,14553.259646487037,28360.684415826312,364.85814849199966,149.54138615236386,443.20121824588244,423.9495727643125,14553.259646487037,13807.424769339275
/scratch/gsunka1/Pennington-mat/Pennington-MATLAB-Python/Python_Fall2025/model_files/OBJ/CanCan08_B 2026-02-04_12-21-25.obj,57,533.8203346703136,29.07035175879397,2,449.3436623490631,884.425136377033,14978.875905102017,29431.5626786742,363.6672885925787,153.40379387379988,449.3436623490631,435.08147402796993,14978.875905102017,14452.686773572183
/scratch/gsunka1/Pennington-mat/Pennington-MATLAB-Python/Python_Fall2025/model_files/OBJ/CanCan08_B 2026-02-04_12-21-25.obj,58,542.8634449205626,29.562814070351756,2,453.4646243846456,897.9407863423223,15383.491639747488,30389.13582843928,362.47642869315774,155.29383009872026,453.4646243846456,444.4761619576767,15383.491639747488,15005.644188691793
/scratch/gsunka1/Pennington-mat/Pennington-MATLAB-Python/Python_Fall2025/model_files/OBJ/CanCan08_B 2026-02-04_12-21-25.obj,59,551.9065551708118,30.05527638190955,2,455.2580600442834,902.7729613226994,15660.209100655404,30975.33493426079,360.80616301651696,154.87654932279065,455.2580600442834,447.514901278416,15660.209100655404,15315.125833605385
/scratch/gsunka1/Pennington-mat/Pennington-MATLAB-Python/Python_Fall2025/model_files/OBJ/CanCan08_B 2026-02-04_12-21-25.obj,60,560.9496654210608,30.547738693467338,2,456.07226145043046,904.7982700953933,15797.310224886722,31287.718414492563,358.35977933418474,154.23261134838876,456.07226145043046,448.72600864496275,15797.310224886722,15490.408189605843
/scratch/gsunka1/Pennington-mat/Pennington-MATLAB-Python/Python_Fall2025/model_files/OBJ/CanCan08_B 2026-02-04_12-21-25.obj,61,569.9927756713098,31.040201005025125,2,456.9536077863985,907.2963669995981,15902.310797015976,31578.698594273985,355.9133956518525,153.61706082408824,456.9536077863985,450.3427592131996,15902.310797015976,15676.387797258007
/scratch/gsunka1/Pennington-mat/Pennington-MATLAB-Python/Python_Fall2025/model_files/OBJ/CanCan08_B 2026-02-04_12-21-25.obj,62,579.0358859215588,31.532663316582912,2,458.18396734732056,910.8961094219255,16042.988103394848,31926.146519531907,353.4744285118703,153.03639239747986,458.18396734732056,452.712142074605,16042.988103394848,15883.15841613706
/scratch/gsunka1/Pennington-mat/Pennington-MATLAB-Python/Python_Fall2025/model_files/OBJ/CanCan08_B 2026-02-04_12-21-25.obj,63,588.078996171808,32.02512562814071,2,460.2978242940443,916.3819362204226,16271.016178036109,32425.743004512442,351.282491052523,154.37118743811186,460.2978242940443,456.0841119263783,16271.016178036109,16154.726826476332
/scratch/gsunka1/Pennington-mat/Pennington-MATLAB-Python/Python_Fall2025/model_files/OBJ/CanCan08_B 2026-02-04_12-21-25.obj,64,597.122106422057,32.517587939698494,2,464.7722734015525,926.0885279797412,16672.31619090335,33243.12425566615,353.27146780341855,156.96660449189278,464.7722734015525,461.31625457818865,16672.31619090335,16570.8080647628
/scratch/gsunka1/Pennington-mat/Pennington-MATLAB-Python/Python_Fall2025/model_files/OBJ/CanCan08_B 2026-02-04_12-21-25.obj,65,606.165216672306,33.01005025125628,2,471.38488910141325,939.0191234056801,17198.977698123228,34261.9380578669,357.62286141193067,158.98110901912008,471.38488910141325,467.63423430426695,17198.977698123228,17062.960359743673
/scratch/gsunka1/Pennington-mat/Pennington-MATLAB-Python/Python_Fall2025/model_files/OBJ/CanCan08_B 2026-02-04_12-21-25.obj,66,615.2083269225551,33.502512562814076,2,478.5624573879001,953.388134476897,17771.25575372933,35362.548546784295,360.4192957729344,161.48042414430935,478.5624573879001,474.82567708899694,17771.25575372933,17591.292793054967
/scratch/gsunka1/Pennington-mat/Pennington-MATLAB-Python/Python_Fall2025/model_files/OBJ/CanCan08_B 2026-02-04_12-21-25.obj,67,624.2514371728041,33.99497487437186,2,486.52938438245593,968.4864551590334,18373.243869147973,36471.06217766324,362.8185666991885,164.32395890356264,486.52938438245593,481.9570707765775,18373.243869147973,18097.818308515267
/scratch/gsunka1/Pennington-mat/Pennington-MATLAB-Python/Python_Fall2025/model_files/OBJ/CanCan08_B 2026-02-04_12-21-25.obj,68,633.2945474230531,34.48743718592965,2,495.0674522016,985.0414743336489,19003.079053279223,37700.70347232678,365.0900971811376,167.57757511395178,495.0674522016,489.97402213204884,19003.079053279223,18697.624419047555
/scratch/gsunka1/Pennington-mat/Pennington-MATLAB-Python/Python_Fall2025/model_files/OBJ/CanCan08_B 2026-02-04_12-21-25.obj,69,642.3376576733021,34.97989949748744,2,504.4308803966114,1004.2664363633654,19725.22819869014,39242.43256819132,367.5372214338754,172.63732678159263,504.4308803966114,499.835555966754,19725.22819869014,19517.20436950118
/scratch/gsunka1/Pennington-mat/Pennington-MATLAB-Python/Python_Fall2025/model_files/OBJ/CanCan08_B 2026-02-04_12-21-25.obj,70,651.3807679235513,35.47236180904523,2,515.0826304093861,1024.847049604064,20565.03298664887,40853.54800344103,370.8040776531081,177.17248777502675,515.0826304093861,509.7644191946781,20565.03298664887,20288.515016792157
/scratch/gsunka1/Pennington-mat/Pennington-MATLAB-Python/Python_Fall2025/model_files/OBJ/CanCan08_B 2026-02-04_12-21-25.obj,71,660.4238781738003,35.96482412060302,2,526.5751368448438,1046.9996805738426,21476.703684096334,42592.42475645216,373.09690511406166,181.26175903154234,526.5751368448438,520.4245437289989,21476.703684096334,21115.721072355824
/scratch/gsunka1/Pennington-mat/Pennington-MATLAB-Python/Python_Fall2025/model_files/OBJ/CanCan08_B 2026-02-04_12-21-25.obj,72,669.4669884240493,36.45728643216081,2,536.9164440527894,1068.08429200858,22376.20679575814,44341.9533210088,375.4535568697754,185.7405498602331,536.9164440527894,531.1678479557905,22376.20679575814,21965.746525250663
/scratch/gsunka1/Pennington-mat/Pennington-MATLAB-Python/Python_Fall2025/model_files/OBJ/CanCan08_B 2026-02-04_12-21-25.obj,73,678.5100986742984,36.9497487437186,2,547.4193205873257,1090.0909129708584,23273.584873255608,46193.21685312549,378.0997358203929,189.52369106248304,547.4193205873257,542.6715923835327,23273.584873255608,22919.631979869882
/scratch/gsunka1/Pennington-mat/Pennington-MATLAB-Python/Python_Fall2025/model_files/OBJ/CanCan08_B 2026-02-04_12-21-25.obj,74,687.5532089245474,37.44221105527639,2,557.6261278802917,1111.875048986857,24139.27856816826,48060.737087208225,380.8837978693547,192.61844323687325,557.6261278802917,554.2489211065655,24139.27856816826,23921.458519039967
/scratch/gsunka1/Pennington-mat/Pennington-MATLAB-Python/Python_Fall2025/model_files/OBJ/CanCan08_B 2026-02-04_12-21-25.obj,75,696.5963191747965,37.934673366834176,2,567.0991013198527,1133.4628530954649,25002.984860706703,49971.115969840735,382.95021162232865,195.62036977880445,567.0991013198527,566.3637517756122,24968.131109134032,25002.984860706703
/scratch/gsunka1/Pennington-mat/Pennington-MATLAB-Python/Python_Fall2025/model_files/OBJ/CanCan08_B 2026-02-04_12-21-25.obj,76,705.6394294250455,38.42713567839196,2,578.3022620895315,1155.0666047675984,26047.061475427923,51788.1362215914,385.0837317654484,197.5207328105426,576.7643426780669,578.3022620895315,25741.07474616347,26047.061475427923
/scratch/gsunka1/Pennington-mat/Pennington-MATLAB-Python/Python_Fall2025/model_files/OBJ/CanCan08_B 2026-02-04_12-21-25.obj,77,714.6825396752946,38.91959798994975,2,588.9719173177505,1175.3201618125959,27032.48170097501,53617.22233387866,387.2172519085683,200.00101382132598,586.3482444948454,588.9719173177505,26584.740632903646,27032.48170097501
/scratch/gsunka1/Pennington-mat/Pennington-MATLAB-Python/Python_Fall2025/model_files/OBJ/CanCan08_B 2026-02-04_12-21-25.obj,78,723.7256499255436,39.412060301507545,2,597.6777768760012,1193.2311374478413,27876.179818144443,55398.45918458467,389.3027175251877,200.7174118061848,595.55336057184,597.6777768760012,27522.279366440234,27876.179818144443
/scratch/gsunka1/Pennington-mat/Pennington-MATLAB-Python/Python_Fall2025/model_files/OBJ/CanCan08_B 2026-02-04_12-21-25.obj,79,732.7687601757926,39.90452261306533,2,605.2557877555045,1209.438026876253,28667.734439908127,57037.868857419846,391.07183499357916,203.23151112185872,604.1822391207484,605.2557877555045,28370.13441751172,28667.734439908127
/scratch/gsunka1/Pennington-mat/Pennington-MATLAB-Python/Python_Fall2025/model_files/OBJ/CanCan08_B 2026-02-04_12-21-25.obj,80,741.8118704260417,40.39698492462312,1,1227.7861461474336,1227.7861461474336,58458.599978234604,58458.599978234604,391.8951038378202,205.74561043753266,1227.7861461474336,,58458.599978234604,
/scratch/gsunka1/Pennington-mat/Pennington-MATLAB-Python/Python_Fall2025/model_files/OBJ/CanCan08_B 2026-02-04_12-21-25.obj,81,750.8549806762908,40.88944723618091,1,1197.7627444598425,1197.7627444598425,59825.307451552726,59825.307451552726,392.6349160791407,206.3733026474526,1197.7627444598425,,59825.307451552726,
/scratch/gsunka1/Pennington-mat/Pennington-MATLAB-Python/Python_Fall2025/model_files/OBJ/CanCan08_B 2026-02-04_12-21-25.obj,82,759.8980909265398,41.381909547738694,1,1178.2443016410505,1178.2443016410505,61074.34104916779,61074.34104916779,393.60602119884777,204.80201187950553,1178.2443016410505,,61074.34104916779,
/scratch/gsunka1/Pennington-mat/Pennington-MATLAB-Python/Python_Fall2025/model_files/OBJ/CanCan08_B 2026-02-04_12-21-25.obj,83,768.9412011767888,41.87437185929648,1,1170.7332438086473,1170.7332438086473,62083.819601432304,62083.819601432304,394.9017248907158,204.99853487882137,1170.7332438086473,,62083.819601432304,
/scratch/gsunka1/Pennington-mat/Pennington-MATLAB-Python/Python_Fall2025/model_files/OBJ/CanCan08_B 2026-02-04_12-21-25.obj,84,777.9843114270379,42.366834170854275,1,1163.6016114962945,1163.6016114962945,62855.57047490874,62855.57047490874,396.60934649533874,205.71338898186377,1163.6016114962945,,62855.57047490874,
/scratch/gsunka1/Pennington-mat/Pennington-MATLAB-Python/Python_Fall2025/model_files/OBJ/CanCan08_B 2026-02-04_12-21-25.obj,85,787.027421677287,42.85929648241206,1,1156.710675072868,1156.710675072868,63569.92067572154,63569.92067572154,397.09712070722736,205.72468072001345,1156.710675072868,,63569.92067572154,
/scratch/gsunka1/Pennington-mat/Pennington-MATLAB-Python/Python_Fall2025/model_files/OBJ/CanCan08_B 2026-02-04_12-21-25.obj,86,796.070531927536,43.35175879396985,1,1154.734871239616,1154.734871239616,64211.55545704368,64211.55545704368,396.96774694627106,206.21268450623404,1154.734871239616,,64211.55545704368,
/scratch/gsunka1/Pennington-mat/Pennington-MATLAB-Python/Python_Fall2025/model_files/OBJ/CanCan08_B 2026-02-04_12-21-25.obj,87,805.113642177785,43.84422110552764,1,1154.6198385328448,1154.6198385328448,64866.649124857315,64866.649124857315,396.8383731853148,207.5514307858059,1154.6198385328448,,64866.649124857315,
/scratch/gsunka1/Pennington-mat/Pennington-MATLAB-Python/Python_Fall2025/model_files/OBJ/CanCan08_B 2026-02-04_12-21-25.obj,88,814.1567524280341,44.33668341708543,3,1154.4138723358583,1249.6064113293432,65584.51504828912,66053.57812252961,774.074838739872,257.8809105356687,1154.4138723358583,82.43441532890536,65593.74375689554,459.83436563407304
/scratch/gsunka1/Pennington-mat/Pennington-MATLAB-Python/Python_Fall2025/model_files/OBJ/CanCan08_B 2026-02-04_12-21-25.obj,89,823.1998626782831,44.82914572864322,3,1146.1698819611915,1428.5939292348587,66632.32533819994,69500.9073893012,789.8550806232644,266.66392963264195,1146.1698819611915,207.70417291519252,67030.8913005674,2470.016088733799
/scratch/gsunka1/Pennington-mat/Pennington-MATLAB-Python/Python_Fall2025/model_files/OBJ/CanCan08_B 2026-02-04_12-21-25.obj,90,832.2429729285321,45.321608040201006,3,1127.9596507572837,1468.0984374122615,69228.2749885807,73937.98581174339,802.1587172465354,271.6853764240628,1127.9596507572837,249.7130343354777,69803.4496511564,4134.536160586984
/scratch/gsunka1/Pennington-mat/Pennington-MATLAB-Python/Python_Fall2025/model_files/OBJ/CanCan08_B 2026-02-04_12-21-25.obj,91,841.2860831787813,45.8140703517588,3,1134.4532222610205,1497.2727031703882,72341.10736836311,77873.26176057947,808.710139430784,276.7746402767826,1134.4532222610205,267.47500379432995,72957.21015204051,4916.051608538954
/scratch/gsunka1/Pennington-mat/Pennington-MATLAB-Python/Python_Fall2025/model_files/OBJ/CanCan08_B 2026-02-04_12-21-25.obj,92,850.3291934290303,46.30653266331659,3,1149.014842041366,1515.5566898863628,76399.74434184223,82149.49134980071,815.0449142553023,286.13271190116717,1149.014842041366,270.82702072472694,77007.56643625673,5141.924913543975
/scratch/gsunka1/Pennington-mat/Pennington-MATLAB-Python/Python_Fall2025/model_files/OBJ/CanCan08_B 2026-02-04_12-21-25.obj,93,859.3723036792793,46.798994974874375,3,1108.8760450483815,1486.691070573824,80539.43350227611,86334.38637856333,822.5858050490067,290.9200982575609,1108.8760450483815,270.71090701376284,81285.90627698749,5048.480101575842
/scratch/gsunka1/Pennington-mat/Pennington-MATLAB-Python/Python_Fall2025/model_files/OBJ/CanCan08_B 2026-02-04_12-21-25.obj,94,868.4154139295283,47.29145728643216,3,1108.1499237548933,1515.196664321867,83301.5134449754,89691.26804005113,830.5664556515355,295.63558058522267,1108.1499237548933,263.76987737860895,84661.81053062007,5029.457509431057
/scratch/gsunka1/Pennington-mat/Pennington-MATLAB-Python/Python_Fall2025/model_files/OBJ/CanCan08_B 2026-02-04_12-21-25.obj,95,877.4585241797774,47.78391959798996,3,1108.2431675434023,1539.715144589879,85379.14751204906,92321.35428843403,833.9356831679038,299.14110569556107,1108.2431675434023,268.4897593543971,87282.08786095597,5039.2664274780545
/scratch/gsunka1/Pennington-mat/Pennington-MATLAB-Python/Python_Fall2025/model_files/OBJ/CanCan08_B 2026-02-04_12-21-25.obj,96,886.5016344300265,48.276381909547744,3,1104.5015312320784,1543.547217934858,86686.26667065329,93744.543114722,835.9940918268217,300.31532390603195,1104.5015312320784,271.214206346926,88812.71067617483,4931.832438547164
/scratch/gsunka1/Pennington-mat/Pennington-MATLAB-Python/Python_Fall2025/model_files/OBJ/CanCan08_B 2026-02-04_12-21-25.obj,97,895.5447446802755,48.76884422110553,3,1098.5146152613602,1531.8577968054144,87579.6363934671,94534.90882057355,836.6193515369323,301.6324202224755,1098.5146152613602,270.8149072220717,89598.4677592696,4936.441061303951
/scratch/gsunka1/Pennington-mat/Pennington-MATLAB-Python/Python_Fall2025/model_files/OBJ/CanCan08_B 2026-02-04_12-21-25.obj,98,904.5878549305246,49.261306532663326,3,1093.2879625957362,1488.5615458670786,88032.51511981868,94283.45923626813,830.6112731092916,299.15023671968174,1093.2879625957362,257.604626676121,89442.0596359807,4841.399600287434
/scratch/gsunka1/Pennington-mat/Pennington-MATLAB-Python/Python_Fall2025/model_files/OBJ/CanCan08_B 2026-02-04_12-21-25.obj,99,913.6309651807736,49.75376884422111,3,1089.964836641231,1445.164371976161,88076.91860119792,93493.4915478185,823.3603491362344,296.2580650891658,1089.964836641231,245.84335553271595,88907.02234039767,4586.469207420829
/scratch/gsunka1/Pennington-mat/Pennington-MATLAB-Python/Python_Fall2025/model_files/OBJ/CanCan08_B 2026-02-04_12-21-25.obj,100,922.6740754310226,50.2462311557789,3,1086.0620603459777,1411.8752657137584,87702.28676665708,92411.44035415334,819.1642814378948,293.1084811148487,1086.0620603459777,230.98037922393007,88331.87722527416,4079.5631288791774
/scratch/gsunka1/Pennington-mat/Pennington-MATLAB-Python/Python_Fall2025/model_files/OBJ/CanCan08_B 2026-02-04_12-21-25.obj,101,931.7171856812716,50.73869346733669,3,1080.9957497312148,1386.142993874996,87088.7131995608,91086.73988618334,817.9923463811351,288.3294135858166,1080.9957497312148,212.60571066184636,87658.94408926337,3427.7957969199633
/scratch/gsunka1/Pennington-mat/Pennington-MATLAB-Python/Python_Fall2025/model_files/OBJ/CanCan08_B 2026-02-04_12-21-25.obj,102,940.7602959315208,51.23115577889448,3,1075.3188192952489,1363.5143374363113,86280.15510281255,89808.56302538152,817.085194699801,283.7367541414868,1075.3188192952489,197.43545048105958,86856.28401742507,2952.279007956444
/scratch/gsunka1/Pennington-mat/Pennington-MATLAB-Python/Python_Fall2025/model_files/OBJ/CanCan08_B 2026-02-04_12-21-25.obj,103,949.8034061817698,51.72361809045227,3,1068.8877490224122,1363.6669829894931,85390.72959768555,88896.82569843471,816.0963974894139,280.2998951465322,1068.8877490224122,190.19926860179356,86176.08191915524,2720.7437792794663
/scratch/gsunka1/Pennington-mat/Pennington-MATLAB-Python/Python_Fall2025/model_files/OBJ/CanCan08_B 2026-02-04_12-21-25.obj,104,958.8465164320188,52.21608040201006,3,1061.2045327184203,1361.0541524654218,84436.46639931237,88000.19381160426,814.0015378005517,280.4413184874195,1061.2045327184203,187.7654663785109,85331.7624109982,2668.4314006060595
/scratch/gsunka1/Pennington-mat/Pennington-MATLAB-Python/Python_Fall2025/model_files/OBJ/CanCan08_B 2026-02-04_12-21-25.obj,105,967.8896266822679,52.70854271356785,3,1052.4430944664196,1352.1778886105549,83372.18086003458,87048.19519293711,808.7670740442255,280.1790298855498,1052.4430944664196,192.00382665638992,84220.1593230453,2828.0358698918135
/scratch/gsunka1/Pennington-mat/Pennington-MATLAB-Python/Python_Fall2025/model_files/OBJ/CanCan08_B 2026-02-04_12-21-25.obj,106,976.932736932517,53.20100502512564,3,1042.204688787787,1342.2610471117923,82170.75964517261,85985.87681791386,803.512564170903,278.79072819906526,1042.204688787787,199.25541432086573,82918.54802948418,3067.3287884296733
/scratch/gsunka1/Pennington-mat/Pennington-MATLAB-Python/Python_Fall2025/model_files/OBJ/CanCan08_B 2026-02-04_12-21-25.obj,107,985.975847182766,53.69346733668342,3,1031.1962439408005,1340.6241743582093,80833.33640618196,84903.92362926442,797.3112387027613,277.6577987326876,1031.1962439408005,205.8509074818019,81620.14562215221,3283.7780071122106
/scratch/gsunka1/Pennington-mat/Pennington-MATLAB-Python/Python_Fall2025/model_files/OBJ/CanCan08_B 2026-02-04_12-21-25.obj,108,995.018957433015,54.185929648241206,3,1018.6525417122697,1339.5283077577856,79180.2013244483,83561.50298600183,793.0366343114379,273.2423857968013,1018.6525417122697,212.42772753996508,80054.10431922016,3507.3986667816644
/scratch/gsunka1/Pennington-mat/Pennington-MATLAB-Python/Python_Fall2025/model_files/OBJ/CanCan08_B 2026-02-04_12-21-25.obj,109,1004.0620676832641,54.678391959798994,3,1004.8481210409512,1322.374291672601,77196.33744081599,81576.19140408328,786.9680793059642,269.31161436499417,1004.8481210409512,218.29891777717157,77890.92804322747,3685.26336085581
/scratch/gsunka1/Pennington-mat/Pennington-MATLAB-Python/Python_Fall2025/model_files/OBJ/CanCan08_B 2026-02-04_12-21-25.obj,110,1013.1051779335131,55.17085427135679,3,990.2353792254083,1310.5589332367217,75029.98527924488,79560.29315830722,780.304194984348,266.95853161968154,990.2353792254083,222.95200319701914,75715.07842534508,3845.2147329621366
/scratch/gsunka1/Pennington-mat/Pennington-MATLAB-Python/Python_Fall2025/model_files/OBJ/CanCan08_B 2026-02-04_12-21-25.obj,111,1022.1482881837621,55.663316582914575,3,976.9012294916339,1326.7876959317414,73122.48160532939,78221.49975164297,775.2464355492527,264.1655960985835,121.81402396097936,976.9012294916339,1085.8519886074064,77135.64776303557
/scratch/gsunka1/Pennington-mat/Pennington-MATLAB-Python/Python_Fall2025/model_files/OBJ/CanCan08_B 2026-02-04_12-21-25.obj,112,1031.1913984340113,56.15577889447236,3,966.6042358993801,1348.5167593605713,71614.48218119722,77396.47782898018,770.7619056685193,262.8863036203679,966.6042358993801,232.87593724808158,73251.45124813453,4145.026580845646
/scratch/gsunka1/Pennington-mat/Pennington-MATLAB-Python/Python_Fall2025/model_files/OBJ/CanCan08_B 2026-02-04_12-21-25.obj,113,1040.2345086842602,56.64824120603015,3,958.9000145991072,1360.1118855952966,70584.58880321498,76874.47495474429,765.004848404134,263.4174233204558,958.9000145991072,237.61650058666459,72550.21175672133,4324.2631980229635
/scratch/gsunka1/Pennington-mat/Pennington-MATLAB-Python/Python_Fall2025/model_files/OBJ/CanCan08_B 2026-02-04_12-21-25.obj,114,1049.2776189345093,57.14070351758794,3,955.560688435082,1376.9557927436013,70059.63607068872,76946.17032510998,760.7758563509249,263.94854302054364,955.560688435082,244.25621676725996,72373.64286927365,4572.527455836331
/scratch/gsunka1/Pennington-mat/Pennington-MATLAB-Python/Python_Fall2025/model_files/OBJ/CanCan08_B 2026-02-04_12-21-25.obj,115,1058.3207291847584,57.63316582914573,3,957.4985098062023,1401.2986220747632,70186.57392133141,77860.88864611927,758.176686066418,262.795880578365,957.4985098062023,253.09371970622243,72945.88559340182,4915.003052717453
/scratch/gsunka1/Pennington-mat/Pennington-MATLAB-Python/Python_Fall2025/model_files/OBJ/CanCan08_B 2026-02-04_12-21-25.obj,116,1067.3638394350073,58.12562814070351,3,965.6333753259961,1460.227088136337,70790.12087284478,80136.00987350667,756.3380121252928,260.17094197520197,965.6333753259961,262.66124674357013,74826.38049416424,5309.629379342427
/scratch/gsunka1/Pennington-mat/Pennington-MATLAB-Python/Python_Fall2025/model_files/OBJ/CanCan08_B 2026-02-04_12-21-25.obj,117,1076.4069496852564,58.618090452261306,3,975.0630865279913,1522.792873785444,71217.99944789406,82751.81059726945,754.8189120555871,255.58660710303883,975.0630865279913,269.7771017091124,77174.64176244132,5577.168834828131
/scratch/gsunka1/Pennington-mat/Pennington-MATLAB-Python/Python_Fall2025/model_files/OBJ/CanCan08_B 2026-02-04_12-21-25.obj,118,1085.4500599355056,59.1105527638191,3,980.3822806863177,1555.576572090754,71150.3054107405,83861.78469056527,752.3598183081086,254.70921049269788,980.3822806863177,278.3445390290207,77929.25124270788,5932.533447857393
/scratch/gsunka1/Pennington-mat/Pennington-MATLAB-Python/Python_Fall2025/model_files/OBJ/CanCan08_B 2026-02-04_12-21-25.obj,119,1094.4931701857545,59.60301507537688,3,982.4474380597255,1573.4012648960193,71058.52478600327,84448.66451176956,749.0377837072506,253.04784005540552,303.3381810761866,982.4474380597255,7077.350329605164,77371.3141821644
/scratch/gsunka1/Pennington-mat/Pennington-MATLAB-Python/Python_Fall2025/model_files/OBJ/CanCan08_B 2026-02-04_12-21-25.obj,120,1103.5362804360036,60.095477386934675,3,980.3260747284412,1582.2685629885416,70993.18773931553,84851.69135999349,743.9562011241742,253.71131751866216,980.3260747284412,296.27797267224594,78173.62421553765,6678.067144455839
/scratch/gsunka1/Pennington-mat/Pennington-MATLAB-Python/Python_Fall2025/model_files/OBJ/CanCan08_B 2026-02-04_12-21-25.obj,121,1112.5793906862527,60.58793969849247,3,975.7923124503543,1586.366482853588,70875.82178331431,85095.14968149154,738.1343408545583,255.11924935508404,309.0730652877487,975.7923124503543,7313.365917413292,77781.78376407825
/scratch/gsunka1/Pennington-mat/Pennington-MATLAB-Python/Python_Fall2025/model_files/OBJ/CanCan08_B 2026-02-04_12-21-25.obj,122,1121.6225009365016,61.08040201005025,3,972.69038885918,1590.6239346915443,70419.29525113621,84932.15890104556,731.8980620980788,256.9915685075275,972.69038885918,305.4171693246008,77865.92252722886,7066.236373816697
/scratch/gsunka1/Pennington-mat/Pennington-MATLAB-Python/Python_Fall2025/model_files/OBJ/CanCan08_B 2026-02-04_12-21-25.obj,123,1130.6656111867508,61.572864321608044,3,970.9682484723222,1593.9769392926733,69918.92174932778,84625.33153716911,725.7982486896176,256.15151784928537,970.9682484723222,308.21972825547834,77437.74791528562,7187.583621883485
/scratch/gsunka1/Pennington-mat/Pennington-MATLAB-Python/Python_Fall2025/model_files/OBJ/CanCan08_B 2026-02-04_12-21-25.obj,124,1139.7087214369997,62.065326633165824,3,970.2318051808475,1597.3820793785817,69557.97125694405,84401.38832116361,721.6473609147401,256.7674456772986,970.2318051808475,311.3001198849548,77087.91812743833,7313.470193725283
/scratch/gsunka1/Pennington-mat/Pennington-MATLAB-Python/Python_Fall2025/model_files/OBJ/CanCan08_B 2026-02-04_12-21-25.obj,125,1148.7518316872488,62.55778894472362,3,967.1232558280147,1593.6895356902191,69152.51652305064,83973.68205320148,718.0541119162422,259.0383167941874,967.1232558280147,313.5089940563381,76573.00142806955,7400.6806251319285
/scratch/gsunka1/Pennington-mat/Pennington-MATLAB-Python/Python_Fall2025/model_files/OBJ/CanCan08_B 2026-02-04_12-21-25.obj,126,1157.794941937498,63.05025125628141,3,960.6864222782458,1585.03604554299,68324.56272459636,82912.38461055343,714.1935975486351,258.72892268953484,960.6864222782458,314.58193651187867,75518.07226506778,7394.312345485658
/scratch/gsunka1/Pennington-mat/Pennington-MATLAB-Python/Python_Fall2025/model_files/OBJ/CanCan08_B 2026-02-04_12-21-25.obj,127,1166.8380521877468,63.54271356783919,3,953.1424004100054,1572.6531376748464,67567.86669852759,81820.44943742048,705.6306561998915,258.804593223674,953.1424004100054,313.65597944221645,74520.89469623126,7299.5547411892185
/scratch/gsunka1/Pennington-mat/Pennington-MATLAB-Python/Python_Fall2025/model_files/OBJ/CanCan08_B 2026-02-04_12-21-25.obj,128,1175.881162437996,64.03517587939699,3,946.397003598246,1561.554054581206,67066.52796163595,81000.10837797771,697.911609597226,259.1978644888055,946.397003598246,312.3786325075981,73785.13132715957,7214.977050818139
/scratch/gsunka1/Pennington-mat/Pennington-MATLAB-Python/Python_Fall2025/model_files/OBJ/CanCan08_B 2026-02-04_12-21-25.obj,129,1184.924272688245,64.52763819095479,3,941.4927419774377,1552.4161216003224,66719.75377834855,80434.36985111318,689.8498271464227,260.18628667188955,941.4927419774377,310.25366918923015,73334.06868756951,7100.301163543671
/scratch/gsunka1/Pennington-mat/Pennington-MATLAB-Python/Python_Fall2025/model_files/OBJ/CanCan08_B 2026-02-04_12-21-25.obj,130,1193.967382938494,65.02010050251256,3,939.4295603042717,1546.7524959514637,66678.33249749686,80281.00944969058,683.7116433414525,259.5042590217663,939.4295603042717,307.17356306271006,73320.19251381731,6960.81693587327
/scratch/gsunka1/Pennington-mat/Pennington-MATLAB-Python/Python_Fall2025/model_files/OBJ/CanCan08_B 2026-02-04_12-21-25.obj,131,1203.010493188743,65.51256281407036,3,941.3547300935172,1548.8588566562223,67098.77319072836,80875.15449271048,676.4814479361416,260.1394249711625,941.3547300935172,304.4967428478573,73954.22585332586,6920.928639384627
/scratch/gsunka1/Pennington-mat/Pennington-MATLAB-Python/Python_Fall2025/model_files/OBJ/CanCan08_B 2026-02-04_12-21-25.obj,132,1212.0536034389922,66.00502512562815,3,945.8381720338276,1557.8279119983683,67794.16866541345,81968.91736473056,667.5434462493253,261.41367486010614,945.8381720338276,304.4751869881275,74959.22586714421,7009.691497586347
/scratch/gsunka1/Pennington-mat/Pennington-MATLAB-Python/Python_Fall2025/model_files/OBJ/CanCan08_B 2026-02-04_12-21-25.obj,133,1221.0967136892411,66.49748743718594,3,950.7109653852967,1570.4439945176173,68405.10942264971,83098.79349408421,657.5778070969789,261.51396982307335,950.7109653852967,307.1044638260279,75880.40660758507,7218.386886499138
/scratch/gsunka1/Pennington-mat/Pennington-MATLAB-Python/Python_Fall2025/model_files/OBJ/CanCan08_B 2026-02-04_12-21-25.obj,134,1230.1398239394903,66.98994974874373,3,957.875578546547,1584.6878256069235,69257.67446103552,84393.83094251633,646.451755580548,261.1239830010055,957.875578546547,311.47488838685575,76911.01246330293,7482.818479213398
/scratch/gsunka1/Pennington-mat/Pennington-MATLAB-Python/Python_Fall2025/model_files/OBJ/CanCan08_B 2026-02-04_12-21-25.obj,135,1239.1829341897392,67.4824120603015,3,965.9719249216289,1597.4197045809137,70197.03292206403,85580.02296243729,636.4089728529693,259.18012748126716,314.85152404889124,965.9719249216289,7657.326685343229,77922.69627709406
/scratch/gsunka1/Pennington-mat/Pennington-MATLAB-Python/Python_Fall2025/model_files/OBJ/CanCan08_B 2026-02-04_12-21-25.obj,136,1248.2260444399883,67.9748743718593,3,974.540886614805,1611.6471354516168,70930.49194875162,86547.44993458322,628.1791828135872,260.1671384531678,315.80565849851433,974.540886614805,7666.065741266066,78881.38419331715
/scratch/gsunka1/Pennington-mat/Pennington-MATLAB-Python/Python_Fall2025/model_files/OBJ/CanCan08_B 2026-02-04_12-21-25.obj,137,1257.2691546902374,68.4673366834171,3,981.6892091315212,1628.2209896698944,71561.02398255208,87633.54143394684,620.104761693327,259.03137326463604,319.27194501753854,981.6892091315212,7794.818489277823,79838.72294466902
/scratch/gsunka1/Pennington-mat/Pennington-MATLAB-Python/Python_Fall2025/model_files/OBJ/CanCan08_B 2026-02-04_12-21-25.obj,138,1266.3122649404863,68.95979899497488,3,990.0684378704763,1646.567467874932,72491.50938925729,89045.13976463818,612.1754267055385,256.2671013819057,324.16847470586015,990.0684378704763,7955.195775602304,81089.94398903588
/scratch/gsunka1/Pennington-mat/Pennington-MATLAB-Python/Python_Fall2025/model_files/OBJ/CanCan08_B 2026-02-04_12-21-25.obj,139,1275.3553751907355,69.45226130653266,3,1000.6115571966063,1668.2371695652755,73542.78897307673,90621.30246561763,604.9471233473319,253.6568205197027,330.26475555861305,1000.6115571966063,8188.373254820646,82432.92921079698
/scratch/gsunka1/Pennington-mat/Pennington-MATLAB-Python/Python_Fall2025/model_files/OBJ/CanCan08_B 2026-02-04_12-21-25.obj,140,1284.3984854409846,69.94472361809046,3,1017.4311797888624,1694.7979957427121,75101.87949524654,92611.46295557878,598.1183745295723,254.95316879141043,1017.4311797888624,342.14012165861254,83500.34547274429,9111.117482834496
/scratch/gsunka1/Pennington-mat/Pennington-MATLAB-Python/Python_Fall2025/model_files/OBJ/CanCan08_B 2026-02-04_12-21-25.obj,141,1293.4415956912335,70.43718592964824,2,1380.4794016259345,1728.9372837543142,85882.48659655784,95307.38374742391,592.7966193823462,257.8653745033551,1380.4794016259345,348.4578821283796,85882.48659655784,9424.897150866076
/scratch/gsunka1/Pennington-mat/Pennington-MATLAB-Python/Python_Fall2025/model_files/OBJ/CanCan08_B 2026-02-04_12-21-25.obj,142,1302.4847059414826,70.92964824120604,1,1709.9451610513615,1709.9451610513615,98403.50812693876,98403.50812693876,587.851754588338,260.7541474514635,1709.9451610513615,,98403.50812693876,
/scratch/gsunka1/Pennington-mat/Pennington-MATLAB-Python/Python_Fall2025/model_files/OBJ/CanCan08_B 2026-02-04_12-21-25.obj,143,1311.5278161917317,71.42211055276384,1,1594.3387698692072,1594.3387698692072,100602.48372041981,100602.48372041981,582.3682967622672,264.30380322104355,1594.3387698692072,,100602.48372041981,
/scratch/gsunka1/Pennington-mat/Pennington-MATLAB-Python/Python_Fall2025/model_files/OBJ/CanCan08_B 2026-02-04_12-21-25.obj,144,1320.5709264419806,71.91457286432161,1,1554.7032656845327,1554.7032656845327,102454.54192193029,102454.54192193029,576.774787427019,267.03694782922446,1554.7032656845327,,102454.54192193029,
/scratch/gsunka1/Pennington-mat/Pennington-MATLAB-Python/Python_Fall2025/model_files/OBJ/CanCan08_B 2026-02-04_12-21-25.obj,145,1329.6140366922298,72.4070351758794,1,1510.919820583576,1510.919820583576,103717.94380788456,103717.94380788456,571.0427115733448,268.7092594347446,1510.919820583576,,103717.94380788456,
/scratch/gsunka1/Pennington-mat/Pennington-MATLAB-Python/Python_Fall2025/model_files/OBJ/CanCan08_B 2026-02-04_12-21-25.obj,146,1338.657146942479,72.8994974874372,1,1464.1854454020468,1464.1854454020468,104931.12345257966,104931.12345257966,565.9076134669607,269.28395045166025,1464.1854454020468,,104931.12345257966,
/scratch/gsunka1/Pennington-mat/Pennington-MATLAB-Python/Python_Fall2025/model_files/OBJ/CanCan08_B 2026-02-04_12-21-25.obj,147,1347.7002571927278,73.39195979899498,1,1427.5208771857633,1427.5208771857633,105737.73151796174,105737.73151796174,561.0702078518482,269.46110161988656,1427.5208771857633,,105737.73151796174,
/scratch/gsunka1/Pennington-mat/Pennington-MATLAB-Python/Python_Fall2025/model_files/OBJ/CanCan08_B 2026-02-04_12-21-25.obj,148,1356.743367442977,73.88442211055278,1,1404.529114982995,1404.529114982995,106025.6365412243,106025.6365412243,557.6677290743269,268.669588547232,,1404.529114982995,,106025.6365412243
/scratch/gsunka1/Pennington-mat/Pennington-MATLAB-Python/Python_Fall2025/model_files/OBJ/CanCan08_B 2026-02-04_12-21-25.obj,149,1365.7864776932258,74.37688442211055,1,1382.0175938985049,1382.0175938985049,105905.74518062643,105905.74518062643,555.0032021527197,267.24696601068047,1382.0175938985049,,105905.74518062643,
/scratch/gsunka1/Pennington-mat/Pennington-MATLAB-Python/Python_Fall2025/model_files/OBJ/CanCan08_B 2026-02-04_12-21-25.obj,150,1374.829587943475,74.86934673366835,1,1358.5037637074183,1358.5037637074183,105426.74777821606,105426.74777821606,550.5926884541061,266.2243008535999,1358.5037637074183,,105426.74777821606,
/scratch/gsunka1/Pennington-mat/Pennington-MATLAB-Python/Python_Fall2025/model_files/OBJ/CanCan08_B 2026-02-04_12-21-25.obj,151,1383.872698193724,75.36180904522614,1,1335.4257034524867,1335.4257034524867,104415.00169685653,104415.00169685653,545.6783879374957,263.83217357731064,,1335.4257034524867,,104415.00169685653
/scratch/gsunka1/Pennington-mat/Pennington-MATLAB-Python/Python_Fall2025/model_files/OBJ/CanCan08_B 2026-02-04_12-21-25.obj,152,1392.915808443973,75.85427135678393,1,1313.5165697360906,1313.5165697360906,103095.41468361496,103095.41468361496,540.5506501674283,258.0736236905742,,1313.5165697360906,,103095.41468361496
/scratch/gsunka1/Pennington-mat/Pennington-MATLAB-Python/Python_Fall2025/model_files/OBJ/CanCan08_B 2026-02-04_12-21-25.obj,153,1401.9589186942221,76.34673366834171,1,1293.3043885980337,1293.3043885980337,101507.08647312598,101507.08647312598,534.6240623957684,253.54641396485349,,1293.3043885980337,,101507.08647312598
/scratch/gsunka1/Pennington-mat/Pennington-MATLAB-Python/Python_Fall2025/model_files/OBJ/CanCan08_B 2026-02-04_12-21-25.obj,154,1411.0020289444712,76.83919597989951,1,1276.049141884896,1276.049141884896,99322.99702374806,99322.99702374806,528.9665632757421,249.9109247687792,,1276.049141884896,,99322.99702374806
/scratch/gsunka1/Pennington-mat/Pennington-MATLAB-Python/Python_Fall2025/model_files/OBJ/CanCan08_B 2026-02-04_12-21-25.obj,155,1420.0451391947202,77.33165829145729,1,1259.1060408840794,1259.1060408840794,96637.21021062069,96637.21021062069,523.1724917435455,245.14664842479328,,1259.1060408840794,,96637.21021062069
/scratch/gsunka1/Pennington-mat/Pennington-MATLAB-Python/Python_Fall2025/model_files/OBJ/CanCan08_B 2026-02-04_12-21-25.obj,156,1429.0882494449693,77.82412060301509,1,1241.1312636808752,1241.1312636808752,93851.25907689934,93851.25907689934,517.0073371884105,240.4839125532472,,1241.1312636808752,,93851.25907689934
/scratch/gsunka1/Pennington-mat/Pennington-MATLAB-Python/Python_Fall2025/model_files/OBJ/CanCan08_B 2026-02-04_12-21-25.obj,157,1438.1313596952184,78.31658291457286,1,1222.474374434938,1222.474374434938,90785.76829854684,90785.76829854684,509.95281142353116,236.01349405182629,1222.474374434938,,90785.76829854684,
/scratch/gsunka1/Pennington-mat/Pennington-MATLAB-Python/Python_Fall2025/model_files/OBJ/CanCan08_B 2026-02-04_12-21-25.obj,158,1447.1744699454673,78.80904522613066,1,1198.9926283935981,1198.9926283935981,86894.89812408524,86894.89812408524,500.03616644893697,231.58454138962895,1198.9926283935981,,86894.89812408524,
/scratch/gsunka1/Pennington-mat/Pennington-MATLAB-Python/Python_Fall2025/model_files/OBJ/CanCan08_B 2026-02-04_12-21-25.obj,159,1456.2175801957164,79.30150753768845,1,1171.8642359632863,1171.8642359632863,82471.4076687033,82471.4076687033,489.6519710426787,223.5193430632654,,1171.8642359632863,,82471.4076687033
/scratch/gsunka1/Pennington-mat/Pennington-MATLAB-Python/Python_Fall2025/model_files/OBJ/CanCan08_B 2026-02-04_12-21-25.obj,160,1465.2606904459653,79.79396984924624,1,1145.2089209326516,1145.2089209326516,77988.35211044189,77988.35211044189,481.5684757025423,213.74201710754727,,1145.2089209326516,,77988.35211044189
/scratch/gsunka1/Pennington-mat/Pennington-MATLAB-Python/Python_Fall2025/model_files/OBJ/CanCan08_B 2026-02-04_12-21-25.obj,161,1474.3038006962145,80.28643216080403,1,1118.1196619210498,1118.1196619210498,73426.67757642914,73426.67757642914,471.5949770092225,205.92523264978968,,1118.1196619210498,,73426.67757642914
/scratch/gsunka1/Pennington-mat/Pennington-MATLAB-Python/Python_Fall2025/model_files/OBJ/CanCan08_B 2026-02-04_12-21-25.obj,162,1483.3469109464636,80.77889447236181,1,1086.095557934134,1086.095557934134,68640.39032690582,68640.39032690582,458.62854773218095,197.16875635790498,,1086.095557934134,,68640.39032690582
/scratch/gsunka1/Pennington-mat/Pennington-MATLAB-Python/Python_Fall2025/model_files/OBJ/CanCan08_B 2026-02-04_12-21-25.obj,163,1492.3900211967125,81.2713567839196,1,1049.1815196206799,1049.1815196206799,62993.25987541822,62993.25987541822,445.1071792836333,189.05667144193603,,1049.1815196206799,,62993.25987541822
/scratch/gsunka1/Pennington-mat/Pennington-MATLAB-Python/Python_Fall2025/model_files/OBJ/CanCan08_B 2026-02-04_12-21-25.obj,164,1501.4331314469616,81.76381909547739,1,1001.3259466803365,1001.3259466803365,56731.616136327095,56731.616136327095,425.5879882816197,181.52402335658266,,1001.3259466803365,,56731.616136327095
/scratch/gsunka1/Pennington-mat/Pennington-MATLAB-Python/Python_Fall2025/model_files/OBJ/CanCan08_B 2026-02-04_12-21-25.obj,165,1510.4762416972108,82.25628140703517,1,940.357703442589,940.357703442589,50158.97484251144,50158.97484251144,398.5874706710423,173.37601055946598,940.357703442589,,50158.97484251144,
/scratch/gsunka1/Pennington-mat/Pennington-MATLAB-Python/Python_Fall2025/model_files/OBJ/CanCan08_B 2026-02-04_12-21-25.obj,166,1519.5193519474597,82.74874371859296,1,873.1729066062686,873.1729066062686,44024.38475325312,44024.38475325312,369.19100132500296,168.1606608402107,,873.1729066062686,,44024.38475325312
/scratch/gsunka1/Pennington-mat/Pennington-MATLAB-Python/Python_Fall2025/model_files/OBJ/CanCan08_B 2026-02-04_12-21-25.obj,167,1528.5624621977088,83.24120603015075,1,809.7767211167308,809.7767211167308,38856.32886411323,38856.32886411323,339.498262326666,165.79547671224884,,809.7767211167308,,38856.32886411323
/scratch/gsunka1/Pennington-mat/Pennington-MATLAB-Python/Python_Fall2025/model_files/OBJ/CanCan08_B 2026-02-04_12-21-25.obj,168,1537.605572447958,83.73366834170855,1,761.480255148751,761.480255148751,34720.21565420772,34720.21565420772,315.36250522422677,165.72574864986626,,761.480255148751,,34720.21565420772
/scratch/gsunka1/Pennington-mat/Pennington-MATLAB-Python/Python_Fall2025/model_files/OBJ/CanCan08_B 2026-02-04_12-21-25.obj,169,1546.6486826982068,84.22613065326632,1,718.3822680094466,718.3822680094466,30664.355302251868,30664.355302251868,293.8026310476031,160.255109780448,,718.3822680094466,,30664.355302251868
/scratch/gsunka1/Pennington-mat/Pennington-MATLAB-Python/Python_Fall2025/model_files/OBJ/CanCan08_B 2026-02-04_12-21-25.obj,170,1555.691792948456,84.71859296482413,1,673.2041023369799,673.2041023369799,26520.892669732868,26520.892669732868,265.555611710206,161.34189691893178,,673.2041023369799,,26520.892669732868
/scratch/gsunka1/Pennington-mat/Pennington-MATLAB-Python/Python_Fall2025/model_files/OBJ/CanCan08_B 2026-02-04_12-21-25.obj,171,1564.734903198705,85.21105527638191,1,608.6433104656248,608.6433104656248,22267.47012812092,22267.47012812092,228.23818226854848,162.94925161996974,,608.6433104656248,,22267.47012812092
/scratch/gsunka1/Pennington-mat/Pennington-MATLAB-Python/Python_Fall2025/model_files/OBJ/CanCan08_B 2026-02-04_12-21-25.obj,172,1573.778013448954,85.7035175879397,1,549.9466847792819,549.9466847792819,19158.02090138667,19158.02090138667,185.2735866752246,169.23382039164198,,549.9466847792819,,19158.02090138667
/scratch/gsunka1/Pennington-mat/Pennington-MATLAB-Python/Python_Fall2025/model_files/OBJ/CanCan08_B 2026-02-04_12-21-25.obj,173,1582.821123699203,86.19597989949749,1,564.8513178607049,564.8513178607049,18420.426503475228,18420.426503475228,146.7864324576861,204.89686878690713,,564.8513178607049,,18420.426503475228
/scratch/gsunka1/Pennington-mat/Pennington-MATLAB-Python/Python_Fall2025/model_files/OBJ/CanCan08_B 2026-02-04_12-21-25.obj,174,1591.864233949452,86.68844221105527,1,530.6181633241521,530.6181633241521,17848.897962538187,17848.897962538187,128.55572796948752,200.11320838354516,,530.6181633241521,,17848.897962538187
/scratch/gsunka1/Pennington-mat/Pennington-MATLAB-Python/Python_Fall2025/model_files/OBJ/CanCan08_B 2026-02-04_12-21-25.obj,175,1600.9073441997011,87.18090452261306,1,508.15173727482556,508.15173727482556,17806.788474631685,17806.788474631685,123.9202998737292,192.0257960442569,,508.15173727482556,,17806.788474631685
/scratch/gsunka1/Pennington-mat/Pennington-MATLAB-Python/Python_Fall2025/model_files/OBJ/CanCan08_B 2026-02-04_12-21-25.obj,176,1609.9504544499503,87.67336683417086,1,500.12184213022203,500.12184213022203,17856.081119064027,17856.081119064027,124.31789510347056,187.44884957347938,,500.12184213022203,,17856.081119064027
/scratch/gsunka1/Pennington-mat/Pennington-MATLAB-Python/Python_Fall2025/model_files/OBJ/CanCan08_B 2026-02-04_12-21-25.obj,177,1618.9935647001992,88.16582914572864,1,502.49882290094416,502.49882290094416,18296.203824693795,18296.203824693795,125.29892340981299,187.51932506128557,502.49882290094416,,18296.203824693795,
/scratch/gsunka1/Pennington-mat/Pennington-MATLAB-Python/Python_Fall2025/model_files/OBJ/CanCan08_B 2026-02-04_12-21-25.obj,178,1628.0366749504483,88.65829145728644,1,505.81417088011347,505.81417088011347,18791.45827726154,18791.45827726154,131.81509788815748,189.2433859281561,505.81417088011347,,18791.45827726154,
/scratch/gsunka1/Pennington-mat/Pennington-MATLAB-Python/Python_Fall2025/model_files/OBJ/CanCan08_B 2026-02-04_12-21-25.obj,179,1637.0797852006974,89.15075376884423,1,511.5580753440362,511.5580753440362,19308.51492616472,19308.51492616472,136.98827022562787,189.75312691174855,511.5580753440362,,19308.51492616472,
/scratch/gsunka1/Pennington-mat/Pennington-MATLAB-Python/Python_Fall2025/model_files/OBJ/CanCan08_B 2026-02-04_12-21-25.obj,180,1646.1228954509463,89.64321608040201,1,516.5509180935422,516.5509180935422,19778.589975541163,19778.589975541163,139.6652975816076,190.17157595997207,516.5509180935422,,19778.589975541163,
/scratch/gsunka1/Pennington-mat/Pennington-MATLAB-Python/Python_Fall2025/model_files/OBJ/CanCan08_B 2026-02-04_12-21-25.obj,181,1655.1660057011954,90.1356783919598,1,540.8693916209662,540.8693916209662,20630.32703426363,20630.32703426363,142.8702642035002,201.83972430788225,540.8693916209662,,20630.32703426363,
/scratch/gsunka1/Pennington-mat/Pennington-MATLAB-Python/Python_Fall2025/model_files/OBJ/CanCan08_B 2026-02-04_12-21-25.obj,182,1664.2091159514446,90.6281407035176,1,564.9861021290208,564.9861021290208,21682.405496003747,21682.405496003747,156.62565521084392,205.8306282953887,564.9861021290208,,21682.405496003747,
/scratch/gsunka1/Pennington-mat/Pennington-MATLAB-Python/Python_Fall2025/model_files/OBJ/CanCan08_B 2026-02-04_12-21-25.obj,183,1673.2522262016935,91.12060301507537,1,574.5173055719267,574.5173055719267,22375.678399164186,22375.678399164186,162.23209719547202,200.50233581109939,574.5173055719267,,22375.678399164186,
/scratch/gsunka1/Pennington-mat/Pennington-MATLAB-Python/Python_Fall2025/model_files/OBJ/CanCan08_B 2026-02-04_12-21-25.obj,184,1682.2953364519426,91.61306532663318,1,575.2053407199369,575.2053407199369,22942.748004479923,22942.748004479923,162.82129314886998,198.77920283692038,575.2053407199369,,22942.748004479923,
/scratch/gsunka1/Pennington-mat/Pennington-MATLAB-Python/Python_Fall2025/model_files/OBJ/CanCan08_B 2026-02-04_12-21-25.obj,185,1691.3384467021917,92.10552763819096,1,580.5686827800746,580.5686827800746,23793.44329190517,23793.44329190517,170.216437088722,197.35142740116942,580.5686827800746,,23793.44329190517,
/scratch/gsunka1/Pennington-mat/Pennington-MATLAB-Python/Python_Fall2025/model_files/OBJ/CanCan08_B 2026-02-04_12-21-25.obj,186,1700.3815569524406,92.59798994974875,1,584.9755597051162,584.9755597051162,24705.903497607513,24705.903497607513,175.2650362436793,197.22421470909683,584.9755597051162,,24705.903497607513,
/scratch/gsunka1/Pennington-mat/Pennington-MATLAB-Python/Python_Fall2025/model_files/OBJ/CanCan08_B 2026-02-04_12-21-25.obj,187,1709.4246672026898,93.09045226130654,1,594.5134805378052,594.5134805378052,25926.024370703028,25926.024370703028,177.37723899987412,200.50404503293896,,594.5134805378052,,25926.024370703028
/scratch/gsunka1/Pennington-mat/Pennington-MATLAB-Python/Python_Fall2025/model_files/OBJ/CanCan08_B 2026-02-04_12-21-25.obj,188,1718.4677774529387,93.58291457286433,1,599.0963967320712,599.0963967320712,27207.271342467444,27207.271342467444,172.13066339090312,208.53268473715335,,599.0963967320712,,27207.271342467444
/scratch/gsunka1/Pennington-mat/Pennington-MATLAB-Python/Python_Fall2025/model_files/OBJ/CanCan08_B 2026-02-04_12-21-25.obj,189,1727.5108877031878,94.07537688442211,1,604.7560284166517,604.7560284166517,28056.530147982136,28056.530147982136,170.88218505512964,212.22735635525828,,604.7560284166517,,28056.530147982136
/scratch/gsunka1/Pennington-mat/Pennington-MATLAB-Python/Python_Fall2025/model_files/OBJ/CanCan08_B 2026-02-04_12-21-25.obj,190,1736.553997953437,94.56783919597991,1,603.9676945145756,603.9676945145756,28208.203211517342,28208.203211517342,173.32479507270867,209.13652341898438,,603.9676945145756,,28208.203211517342
/scratch/gsunka1/Pennington-mat/Pennington-MATLAB-Python/Python_Fall2025/model_files/OBJ/CanCan08_B 2026-02-04_12-21-25.obj,191,1745.5971082036858,95.06030150753769,1,598.9997652063935,598.9997652063935,27852.77118255539,27852.77118255539,174.20629432180397,205.19229554279786,,598.9997652063935,,27852.77118255539
/scratch/gsunka1/Pennington-mat/Pennington-MATLAB-Python/Python_Fall2025/model_files/OBJ/CanCan08_B 2026-02-04_12-21-25.obj,192,1754.640218453935,95.55276381909549,1,591.5846641915039,591.5846641915039,27227.48655156445,27227.48655156445,173.02712672237004,202.93433279431312,591.5846641915039,,27227.48655156445,
/scratch/gsunka1/Pennington-mat/Pennington-MATLAB-Python/Python_Fall2025/model_files/OBJ/CanCan08_B 2026-02-04_12-21-25.obj,193,1763.683328704184,96.04522613065328,1,579.853697200431,579.853697200431,26176.21219939548,26176.21219939548,170.27225399325175,199.47720542479618,579.853697200431,,26176.21219939548,
/scratch/gsunka1/Pennington-mat/Pennington-MATLAB-Python/Python_Fall2025/model_files/OBJ/CanCan08_B 2026-02-04_12-21-25.obj,194,1772.726438954433,96.53768844221106,1,563.6282763444756,563.6282763444756,24595.842271088066,24595.842271088066,166.31848467448816,194.30040248389972,,563.6282763444756,,24595.842271088066
/scratch/gsunka1/Pennington-mat/Pennington-MATLAB-Python/Python_Fall2025/model_files/OBJ/CanCan08_B 2026-02-04_12-21-25.obj,195,1781.769549204682,97.03015075376885,1,540.3462515850982,540.3462515850982,22518.88306317768,22518.88306317768,160.51449973478907,185.4612979646339,,540.3462515850982,,22518.88306317768
/scratch/gsunka1/Pennington-mat/Pennington-MATLAB-Python/Python_Fall2025/model_files/OBJ/CanCan08_B 2026-02-04_12-21-25.obj,196,1790.8126594549312,97.52261306532665,1,508.4832010424524,508.4832010424524,19734.085236820596,19734.085236820596,152.12848997590453,171.227701050763,,508.4832010424524,,19734.085236820596
/scratch/gsunka1/Pennington-mat/Pennington-MATLAB-Python/Python_Fall2025/model_files/OBJ/CanCan08_B 2026-02-04_12-21-25.obj,197,1799.8557697051801,98.01507537688443,1,469.8270227515994,469.8270227515994,16603.428279562366,16603.428279562366,140.39929463545795,155.87634160218974,,469.8270227515994,,16603.428279562366
/scratch/gsunka1/Pennington-mat/Pennington-MATLAB-Python/Python_Fall2025/model_files/OBJ/CanCan08_B 2026-02-04_12-21-25.obj,198,1808.8988799554293,98.50753768844223,1,422.2890972715883,422.2890972715883,12939.124875538031,12939.124875538031,124.60884012276784,139.88346776071592,,422.2890972715883,,12939.124875538031
/scratch/gsunka1/Pennington-mat/Pennington-MATLAB-Python/Python_Fall2025/model_files/OBJ/CanCan08_B 2026-02-04_12-21-25.obj,199,1817.9419902056782,99.0,1,360.94998557086564,360.94998557086564,8785.795165443684,8785.795165443684,104.78904912115891,121.39271986112229,,360.94998557086564,,8785.795165443684
