method,measurement,n_subjects,n_exact,mean_abs_error,median_abs_error,max_abs_error,rmse,bias,mean_abs_pct_error,max_abs_pct_error,pct_exact
avatar,trunk_length_corrected_cm,20.0,14.0,0.856132060374696,0.0,4.824650470663165,1.6469828345909223,-0.856132060374696,1.3900726634663696,8.213221512253977,70.0
avatar,trunk_length_cm,20.0,14.0,0.8564111923890543,0.0,4.824772127580189,1.647287958165976,0.8564111923890543,1.1932522480038035,5.716114895217925,70.0
avatar,inseam_left_cm,20.0,14.0,0.8567174151776392,0.0,4.8248604120761485,1.647654214911113,0.8567174151776392,1.134075480462858,5.763445567879303,70.0
avatar,inseam_right_cm,20.0,14.0,0.8567174151776392,0.0,4.8248604120761485,1.647654214911113,0.8567174151776392,1.134075480462858,5.763445567879303,70.0
avatar,surface_area_torso_cm2,20.0,14.0,67.78602233677157,2.2737367544323206e-12,320.4223646734936,133.5948039418548,-67.7860223367702,1.0486251865660612,6.117837892157869,70.0
avatar,calf_circumference_left_cm,20.0,1.0,0.3670803968074068,0.010530681066136083,2.7608651949068985,0.8304367346045202,0.08000929947956201,0.9629011708456007,6.639237526941727,5.0
avatar,surface_area_leg_right_cm2,20.0,14.0,38.348575661690326,1.5916157281026244e-12,175.82998557170322,75.53803591888186,38.34857566168946,0.9591998506677196,4.447454658094212,70.0
avatar,surface_area_leg_left_cm2,20.0,14.0,37.715520603322645,1.5916157281026244e-12,175.2521676085271,72.10027439680493,37.71552060332201,0.9417428147256827,4.507712411992086,70.0
avatar,forearm_circumference_right_cm,20.0,3.0,0.23460477316538983,0.032798218342437124,0.8384522475564253,0.3809139418128215,-0.12021712370545914,0.8773083658445083,3.16065899801311,15.0
avatar,outside_leg_length_left_cm,20.0,14.0,0.4690532527972202,1.4210854715202004e-14,2.0192513723261385,0.8956649296421474,0.40453736019086006,0.5593371604742945,2.6352944300608474,70.0
avatar,outside_leg_length_right_cm,20.0,14.0,0.46905329433018467,2.842170943040401e-14,2.0192513723261385,0.8956650181851139,0.4045374185303331,0.5593107205696107,2.6349373023913873,70.0
avatar,thigh_circumference_right_cm,20.0,11.0,0.34500883681124817,1.4210854715202004e-14,2.128647261574166,0.7230962885208888,0.3206788633317991,0.5557175034395896,3.7179472516261525,55.0
avatar,forearm_circumference_left_cm,20.0,2.0,0.13363701776928963,0.007435146080524646,1.2612137515475936,0.32154281139561974,-0.03088073099335233,0.5258411064704582,4.900961269894053,10.0
avatar,thigh_circumference_left_cm,20.0,13.0,0.2892702305704201,1.4210854715202004e-14,1.7058077621117889,0.6017071570050462,0.26418669420648333,0.4629133066185848,3.0620618374969135,65.0
avatar,hip_circumference_cm,20.0,14.0,0.3592490795102961,2.842170943040401e-14,2.463029214404145,0.7566546470981286,-0.11294615806987167,0.3068527741954551,1.9292235270787494,70.0
avatar,arm_length_right_cm,20.0,2.0,0.1363134569082819,0.09635078123596585,0.3572779281794567,0.17937736607685476,0.04233266128578371,0.3016131134824297,0.8237773347387656,10.0
avatar,waist_circumference_cm,20.0,14.0,0.2646858749965233,1.4210854715202004e-14,3.275915007528127,0.8036975301930795,-0.10228530272602683,0.2885851104232068,3.929687157784143,70.0
avatar,bicep_circumference_right_cm,20.0,3.0,0.11765628282720601,0.009542152544515403,1.1009443755578516,0.3162678393428071,-0.08561160934942305,0.28815467665295047,2.651537813980551,15.0
avatar,arm_length_left_cm,20.0,2.0,0.09897127472788006,0.04954012743471381,0.34403720266745097,0.1485586216007619,-0.03316280117683013,0.23140915734038897,0.6969352435756843,10.0
avatar,ankle_circumference_left_corrected_cm,20.0,14.0,0.05845718323587974,5.329070518200751e-15,0.47749603460469814,0.14051277003051402,0.010222854962911043,0.22122248341818668,1.6777272576639264,70.0
avatar,ankle_circumference_right_cm,20.0,14.0,0.05845718323587974,5.329070518200751e-15,0.47749603460469814,0.14051277003051402,0.010222854962911043,0.22122248341818668,1.6777272576639264,70.0
avatar,calf_circumference_right_cm,20.0,0.0,0.023869407367329676,0.007456052402698532,0.20916925189617075,0.05089547135262794,-0.002245817088832358,0.162638177184053,2.1498525097469856,0.0
avatar,ankle_circumference_left_cm,20.0,16.0,0.030888473092538327,0.0,0.36353864560015126,0.08878700002709165,-0.010214714765291965,0.10324267400491108,1.2078329009216033,80.0
avatar,ankle_circumference_right_corrected_cm,20.0,16.0,0.030888473092538327,0.0,0.36353864560015126,0.08878700002709165,-0.010214714765291965,0.10324267400491108,1.2078329009216033,80.0
avatar,bicep_circumference_left_cm,20.0,2.0,0.01588253250726706,0.004525329515129073,0.10906933528696072,0.03415927222139687,0.0011071488621473956,0.04440229163855759,0.2663245014957068,10.0
avatar,volume_cm3,20.0,18.0,1.6537424001224281,6.548361852765083e-11,32.37787199996819,7.24158950366213,-1.6537424000714964,0.002190286778253688,0.043054987386897774,90.0
avatar,surface_area_total_cm2,20.0,20.0,1.0459189070388675e-11,1.1823431123048067e-11,1.8189894035458565e-11,1.1795413474372963e-11,-1.7280399333685636e-12,5.450723555960078e-14,9.127487415633806e-14,100.0
avatar,surface_area_arm_left_cm2,20.0,20.0,3.637978807091713e-13,2.2737367544323206e-13,1.3642420526593924e-12,5.752149554916067e-13,4.5474735088646414e-14,1.9791718652125395e-14,8.13281953947903e-14,100.0
avatar,surface_area_head_cm2,20.0,20.0,3.751665644813329e-13,0.0,1.5916157281026244e-12,6.164301208503257e-13,-2.3874235921539367e-13,1.8643725286285443e-14,8.533865220657261e-14,100.0
avatar,surface_area_arm_right_cm2,20.0,20.0,3.1832314562052486e-13,2.2737367544323206e-13,1.3642420526593924e-12,4.714920886119153e-13,1.1368683772161603e-13,1.637509905674604e-14,6.270561660357086e-14,100.0
avatar,chest_circumference_cm,20.0,20.0,1.7053025658242404e-14,1.4210854715202004e-14,8.526512829121202e-14,2.6586074758753436e-14,-9.947598300641402e-15,1.624684422426956e-14,7.141955371178817e-14,100.0
avatar,wrist_circumference_left_cm,20.0,20.0,1.9539925233402757e-15,0.0,1.4210854715202004e-14,3.972054645195637e-15,-1.7763568394002506e-16,9.843039431058111e-15,6.537089829145263e-14,100.0
avatar,wrist_circumference_right_cm,20.0,20.0,1.1546319456101628e-15,0.0,7.105427357601002e-15,2.2817716744798718e-15,-8.881784197001253e-17,6.146535942718968e-15,4.256617855539519e-14,100.0
avatar,collar_to_scalp_length_corrected_cm,20.0,20.0,1.7763568394002506e-16,0.0,3.552713678800501e-15,7.944109290391273e-16,1.7763568394002506e-16,6.481219931243483e-16,1.2962439862486966e-14,100.0
avatar,collar_to_scalp_length_cm,20.0,20.0,0.0,0.0,0.0,0.0,0.0,0.0,0.0,100.0
avatar,height_cm,20.0,20.0,0.0,0.0,0.0,0.0,0.0,0.0,0.0,100.0
segmentation,arm_volume_left_cm3,20.0,1.0,5055.627665314094,4014.5969977276077,10260.022916159425,5697.696545584166,4029.625373695052,241.66039672591745,2908.01839641124,5.0
segmentation,arm_volume_right_cm3,20.0,1.0,4602.770019237315,4186.198557449716,10170.953296138123,5109.311663138411,4602.770019214844,105.05354325416056,220.31388586743782,5.0
segmentation,collar_to_scalp_length_cm,20.0,0.0,127.53292524172373,135.24488144612383,144.82035924018936,131.04689153995454,-127.53292524172373,81.53752771350862,83.98737371296181,0.0
segmentation,bicep_circumference_left_cm,20.0,0.0,5.34109693978578,3.6386194341947817,31.189375278356586,8.270414949360946,-2.222098027341161,42.026305744707045,630.169553005383,0.0
segmentation,torso_volume_cm3,20.0,0.0,16851.08497020178,14350.104977770989,39104.51297062685,19296.47482659998,-16507.068978775944,41.35032413226392,100.01190935959082,0.0
segmentation,surface_area_arm_left_cm2,20.0,0.0,237.1791393998921,121.92622151744229,1850.9867156466476,458.7532944661878,5.03023815172507,39.56860556016118,627.7844223734106,0.0
segmentation,leg_volume_left_cm3,20.0,1.0,3151.2585586128507,2307.6127430902916,10984.115837371986,4157.882871178671,3151.2585586128507,26.72879185252898,96.56318826385333,5.0
segmentation,leg_volume_right_cm3,20.0,0.0,2112.345126494275,1377.1946643362744,8868.032190302389,3143.0639266565095,2105.731270037819,20.308034308056893,79.32609101030431,0.0
segmentation,wrist_circumference_right_cm,20.0,0.0,3.2282307238966323,2.9925890386232474,7.905945107865229,3.9217675774235694,-2.0373235561218395,17.848194494932734,76.78708963141409,0.0
segmentation,forearm_circumference_left_cm,20.0,0.0,3.4298140026805926,2.199317721160872,19.568588594567167,5.455245520880894,2.366890945180047,16.81090508976814,137.91059712823287,0.0
segmentation,surface_area_torso_cm2,20.0,0.0,847.0880232654215,626.3999464731774,2759.8049722624173,1062.5855662008241,-847.0880232654215,15.57612153907867,56.86517353830664,0.0
segmentation,wrist_circumference_left_cm,20.0,0.0,3.1166067278806673,2.2592546274670102,12.607644444462721,4.5307034484435444,-2.152441572621916,15.340878550300967,58.35083739034467,0.0
segmentation,thigh_circumference_right_cm,20.0,0.0,8.676777892291451,4.231192444076957,32.04099510357964,12.831778470346231,-8.57216930994743,14.835977714369374,44.41314249101331,0.0
segmentation,thigh_circumference_left_cm,20.0,0.0,7.633754145858208,4.056069734165494,29.808029107620698,11.215192013153658,-5.828233214771518,13.318794749093215,40.55757304512468,0.0
segmentation,head_volume_cm3,20.0,0.0,588.682196426231,608.8542693071295,1428.1705762162974,700.5549953415997,-588.682196426231,13.061426433194413,99.99331255997105,0.0
segmentation,trunk_length_cm,20.0,0.0,7.465223672625275,6.781516066534202,24.294192554319373,9.381633656053689,3.2113382690892935,12.503158806265521,49.45820540558254,0.0
segmentation,arm_length_left_cm,20.0,0.0,4.200480920005953,2.767367029665902,18.652634631087196,6.535654151542319,2.424954284886153,11.975663220336195,66.939487782999,0.0
segmentation,bicep_circumference_right_cm,20.0,0.0,4.096084775685001,3.6696739467141057,10.372606199673527,4.743872650254472,-3.9451698431003273,11.142614310596876,23.869536533111287,0.0
segmentation,surface_area_arm_right_cm2,20.0,0.0,193.3617928157189,172.90170504839102,558.5587252525279,235.82890747427635,-123.8695101802585,10.974173997232645,24.056511827025247,0.0
segmentation,waist_circumference_cm,20.0,0.0,8.678346674212234,8.414207536247488,27.721294885418416,10.440583932552904,-7.224179275248018,9.949391577539798,27.600093576222292,0.0
segmentation,surface_area_leg_left_cm2,20.0,0.0,206.45059416681744,183.14869396960103,673.3411992700048,270.4635519791326,27.789678037398847,8.47598712239283,61.114019009742435,0.0
segmentation,inseam_left_cm,20.0,0.0,6.115867372545059,5.054503023257908,14.926605857787628,7.813201744103359,-6.048247310833356,8.133579399143311,21.441157140409295,0.0
segmentation,inseam_right_cm,20.0,0.0,6.115867372545059,5.054503023257908,14.926605857787628,7.813201744103359,-6.048247310833356,8.133579399143311,21.441157140409295,0.0
segmentation,calf_circumference_left_cm,20.0,0.0,1.2257480455450682,0.7717967954020111,5.43709328785323,1.7565118427399269,0.019934798523670527,8.077971463471654,101.32063724023399,0.0
segmentation,outside_leg_length_left_cm,20.0,0.0,5.880924128523224,3.844217298985299,20.71058427531102,8.097336897035197,5.70936043405469,7.401687082659555,27.1478344841181,0.0
segmentation,forearm_circumference_right_cm,20.0,0.0,1.8891080238850815,1.490187515180713,7.834206062597289,2.482079622063846,0.5473808851250997,7.3559744430575,29.532097929489563,0.0
segmentation,outside_leg_length_right_cm,20.0,0.0,5.543926745740266,4.035660435761798,20.444116567378543,7.766668083681911,5.3933637634967235,7.012615763954105,25.54161788280854,0.0
segmentation,chest_circumference_cm,20.0,0.0,6.359303692912264,5.1622996144796005,15.68274188338279,7.847498298147096,6.20715794610824,6.562855069947237,17.66933426813477,0.0
segmentation,surface_area_leg_right_cm2,20.0,0.0,190.87359184476148,138.54679080211736,527.644660674132,253.47147988481683,-85.68220008161704,5.92551917141016,23.42419383107941,0.0
segmentation,arm_length_right_cm,20.0,0.0,2.6340119343085577,1.9873198427943883,16.89540830835891,4.381085510912524,0.08003790750874692,5.542679327563681,25.848854541962368,0.0
segmentation,surface_area_head_cm2,20.0,0.0,110.18366675920552,117.14611746187336,240.94549153594699,124.89408644001273,-110.18366675920552,5.396189239534446,9.258076303224708,0.0
segmentation,hip_circumference_cm,20.0,0.0,3.3245594649308936,1.1483506262464118,20.051821271000904,6.166716913003016,-0.06234777031043202,4.73202837500842,37.023867111367466,0.0
segmentation,ankle_circumference_left_cm,20.0,0.0,1.214256044159137,1.2382927313886132,2.5563469940626184,1.344835138257042,-1.214256044159137,4.655764405609868,8.493292371994215,0.0
segmentation,calf_circumference_right_cm,20.0,0.0,1.4673206841422965,1.1918033364907181,3.452535520819886,1.811685649904775,-0.42473929973984453,3.837402285019486,9.137189206015778,0.0
segmentation,ankle_circumference_right_cm,20.0,0.0,0.9136236789322728,0.9615274646574736,1.5183996835368951,0.9978102558828184,-0.9136236789322728,3.8034769694275505,6.0078965247304215,0.0
segmentation,volume_cm3,20.0,18.0,1.6537424001246108,6.548361852765083e-11,32.37787199996819,7.24158950366206,-1.6537424000824104,0.0021902867782542922,0.043054987386897774,90.0
segmentation,surface_area_total_cm2,20.0,20.0,1.0913936421275139e-11,1.0913936421275139e-11,2.1827872842550278e-11,1.2745911984060404e-11,-4.729372449219227e-12,5.68617691069298e-14,1.083528694213523e-13,100.0
segmentation,height_cm,20.0,20.0,9.947598300641402e-15,0.0,5.684341886080802e-14,2.1078103847843474e-14,-1.4210854715202005e-15,5.870336664805324e-15,3.6753794685638184e-14,100.0
slice,bicep_circumference_left_cm,20.0,0.0,117.88231325443726,119.64140644160021,158.37318303907995,122.02412751342493,117.88231325443726,481.32023707814506,2900.6756895253543,0.0
slice,bicep_circumference_right_cm,20.0,0.0,115.63285124015002,117.77082037191708,159.39805068049478,119.73973390841739,115.63285124015002,344.6759026003045,498.3454004926016,0.0
slice,forearm_circumference_left_cm,20.0,0.0,60.78221140039069,60.618890165308905,96.21243724482918,64.23023215449597,60.78221140039069,242.5842509253827,461.7190808922572,0.0
slice,forearm_circumference_right_cm,20.0,0.0,59.4181839368275,55.649444369417715,95.41867818947486,62.86832078982958,59.4181839368275,221.96366715621025,359.6935957617374,0.0
slice,arm_volume_left_cm3,20.0,1.0,1779.1682941759068,751.6592867126581,14855.772906302276,3628.5205168399825,171.19849401498718,81.95042901110027,1147.0002326741655,5.0
slice,chest_circumference_cm,20.0,0.0,58.73426773272929,60.865805630647955,74.26545464248473,60.67864825059529,58.73426773272929,70.10571274203139,241.34267771995243,0.0
slice,thigh_circumference_right_cm,20.0,0.0,38.30670915074499,49.80540955772227,75.97404690198644,46.15046576991739,31.205103972970637,67.72223108605267,131.92039730565415,0.0
slice,thigh_circumference_left_cm,20.0,0.0,35.47927821260042,46.94656724095546,67.37888372926987,43.21833059198188,33.889431941094514,62.67458772343529,110.93672850231454,0.0
slice,surface_area_arm_left_cm2,20.0,0.0,971.227064567461,952.8357296303553,1371.4671322985716,1017.9253065025674,-922.2061272327488,61.775631971659195,166.26040894153107,0.0
slice,surface_area_arm_right_cm2,20.0,0.0,1053.7154030418565,1067.4704991683302,1563.5796169212967,1100.7798371393146,-1053.7154030418565,57.67673035420787,66.57402028724572,0.0
slice,hip_circumference_cm,20.0,0.0,53.315881350356754,53.19736211182758,73.98111067661264,55.524284303392385,53.315881350356754,49.792715184300384,76.17376638022431,0.0
slice,inseam_left_cm,20.0,0.0,31.918143701008898,34.48011806484862,43.973920190708576,33.177763874062734,31.918143701008898,44.67446505989413,78.31499447221496,0.0
slice,inseam_right_cm,20.0,0.0,31.918143701008898,34.48011806484862,43.973920190708576,33.177763874062734,31.918143701008898,44.67446505989413,78.31499447221496,0.0
slice,surface_area_torso_cm2,20.0,0.0,2547.6596088293045,2853.5934102898946,3414.138970530318,2679.8744407450536,2547.6596088293045,43.92949771973393,64.15395329427986,0.0
slice,waist_circumference_cm,20.0,0.0,37.300225325156724,39.03707098071625,56.563545758195716,39.84528709683004,37.30000967631916,39.246327295519265,66.498747878103,0.0
slice,torso_volume_cm3,20.0,0.0,10977.27710739194,11065.67181757334,27603.241934196172,12185.362526147435,10977.27710739194,35.43172402530465,146.34186078333957,0.0
slice,leg_volume_left_cm3,20.0,1.0,3797.434787266374,2738.174240697508,16273.953790692258,5333.411755632355,768.0244673320391,30.27190508649786,143.0670330643425,5.0
slice,leg_volume_right_cm3,20.0,1.0,3858.33157811298,4241.770556330279,6737.730294192883,4380.878077598495,-1241.2961788761718,29.57050672025225,46.28058355234996,5.0
slice,arm_volume_right_cm3,20.0,1.0,950.1731050969989,841.0262246979619,2754.0998434119338,1246.6095227239962,505.0784780760706,21.62934311798349,59.656791345150744,5.0
slice,surface_area_leg_right_cm2,20.0,0.0,653.1181972579697,636.5816631739845,1273.3823701020724,741.514534158734,-647.0487123196041,16.79372477294935,28.982197772712443,0.0
slice,calf_circumference_left_cm,20.0,0.0,7.107142714881187,3.7273072972012535,59.90123282051392,14.296862193030455,7.060410613195879,16.731726722879287,126.2726900038653,0.0
slice,surface_area_leg_left_cm2,20.0,0.0,632.6696835094532,597.0388366292427,1219.1641963696038,699.9936560386814,-612.1929775552275,16.497384271546103,26.243048703087183,0.0
slice,arm_length_left_cm,20.0,0.0,5.773374741223852,4.434411819214301,24.09655024962346,7.957171702122907,5.6238304834240225,16.380422336333403,88.4253100761227,0.0
slice,arm_length_right_cm,20.0,0.0,5.462592853751403,4.727693890271421,14.31348830197269,6.741013102535658,4.031244023554134,13.030577498656342,39.66948058893643,0.0
slice,surface_area_total_cm2,20.0,0.0,1891.624853689714,1980.2767671751299,2421.922046441814,1958.1175423872126,-1891.624853689714,10.495221485557984,13.912619407770073,0.0
slice,calf_circumference_right_cm,20.0,0.0,3.7068457349273105,3.8686121957847064,10.300715805232713,4.418235167846978,3.7068457349273105,9.17127666578185,21.3054419812475,0.0
slice,outside_leg_length_right_cm,20.0,0.0,4.0652073341260975,4.238176597711842,13.790225265577732,5.181779067275109,3.917941573644434,5.344054736044315,20.25863995517811,0.0
slice,outside_leg_length_left_cm,20.0,0.0,4.069693775016669,4.233176741987009,13.780226819324739,5.185359987237028,3.9214291278389433,5.332542969729416,20.240978603268776,0.0
slice,ankle_circumference_left_cm,20.0,0.0,1.2092650303080952,1.322772960183645,2.3507448244223887,1.3288812708094404,-1.2092650303080952,4.6669133228499815,7.8101928776271965,0.0
slice,ankle_circumference_right_cm,20.0,0.0,0.939450404018288,0.9162469277898388,1.476901990362986,1.0172817996345143,-0.939450404018288,3.9055349608516736,6.079954091641208,0.0
slice,height_cm,20.0,0.0,2.862781061566424,2.9492588006786775,3.570735861153281,2.9508965051657836,-2.862781061566424,1.7815130708643703,2.132862460991417,0.0
slice,volume_cm3,20.0,1.0,605.089938526912,626.2257080388154,1005.4239151597722,649.2086622860652,-605.089938526912,0.7270633337750996,1.0932473230313398,5.0
