source_file,slice_index,z,height_percent,num_loops,max_perimeter,sum_perimeter,max_area,sum_area,width,depth
/scratch/gsunka1/Pennington-mat/Pennington-MATLAB-Python/Python_Fall2025/model_files/OBJ/CanCan08_A 2026-02-04_12-13-30.obj,0,18.408088177433342,1.0,2,699.1205392998254,1376.6544280885328,27326.315481430778,52282.53045445796,477.8006657727517,299.7277073696878
/scratch/gsunka1/Pennington-mat/Pennington-MATLAB-Python/Python_Fall2025/model_files/OBJ/CanCan08_A 2026-02-04_12-13-30.obj,1,27.47337783265177,1.492462311557789,2,646.8687821696199,1281.4134682700226,23605.74451154824,45269.80044290253,461.0743374096958,284.9758645804619
/scratch/gsunka1/Pennington-mat/Pennington-MATLAB-Python/Python_Fall2025/model_files/OBJ/CanCan08_A 2026-02-04_12-13-30.obj,2,36.5386674878702,1.9849246231155777,2,574.2189564364404,1135.4724026871177,19336.183587898784,36897.671324526505,442.11525247097984,252.9531520366738
/scratch/gsunka1/Pennington-mat/Pennington-MATLAB-Python/Python_Fall2025/model_files/OBJ/CanCan08_A 2026-02-04_12-13-30.obj,3,45.60395714308863,2.477386934673367,2,513.4552404509836,1020.0119118281888,15935.671505207192,30670.872029429833,422.07090133428244,225.65965544627352
/scratch/gsunka1/Pennington-mat/Pennington-MATLAB-Python/Python_Fall2025/model_files/OBJ/CanCan08_A 2026-02-04_12-13-30.obj,4,54.66924679830706,2.9698492462311554,2,466.72672553742683,931.351396213017,13488.385177044218,26177.39218303604,408.05545568139064,205.32673567304064
/scratch/gsunka1/Pennington-mat/Pennington-MATLAB-Python/Python_Fall2025/model_files/OBJ/CanCan08_A 2026-02-04_12-13-30.obj,5,63.734536453525486,3.4623115577889445,2,427.173141636769,851.9911258214379,11428.087360747773,22555.762661154957,396.67121342788124,186.76962863165878
/scratch/gsunka1/Pennington-mat/Pennington-MATLAB-Python/Python_Fall2025/model_files/OBJ/CanCan08_A 2026-02-04_12-13-30.obj,6,72.79982610874391,3.9547738693467336,2,390.76105203157186,773.8477825401308,9778.529088598645,19273.262995643418,385.7600760364698,166.80643433422551
/scratch/gsunka1/Pennington-mat/Pennington-MATLAB-Python/Python_Fall2025/model_files/OBJ/CanCan08_A 2026-02-04_12-13-30.obj,7,81.86511576396234,4.447236180904522,2,355.730345299919,699.9149279105487,8666.972955868496,16369.339694455572,380.9926399467306,147.92308746843813
/scratch/gsunka1/Pennington-mat/Pennington-MATLAB-Python/Python_Fall2025/model_files/OBJ/CanCan08_A 2026-02-04_12-13-30.obj,8,90.93040541918077,4.939698492462311,2,332.10287221567495,632.1416005267254,7879.011483704632,14411.652620828623,382.2219833724704,124.7192251863747
/scratch/gsunka1/Pennington-mat/Pennington-MATLAB-Python/Python_Fall2025/model_files/OBJ/CanCan08_A 2026-02-04_12-13-30.obj,9,99.99569507439921,5.432160804020101,2,313.8456866275187,598.5995573353173,7303.402306790449,13337.52746724783,380.4767168815962,115.24744266490814
/scratch/gsunka1/Pennington-mat/Pennington-MATLAB-Python/Python_Fall2025/model_files/OBJ/CanCan08_A 2026-02-04_12-13-30.obj,10,109.06098472961763,5.924623115577889,2,304.37111245403986,578.371204176407,6945.510428445879,12565.262145875206,377.74963832891046,110.14081161114477
/scratch/gsunka1/Pennington-mat/Pennington-MATLAB-Python/Python_Fall2025/model_files/OBJ/CanCan08_A 2026-02-04_12-13-30.obj,11,118.12627438483605,6.417085427135677,2,295.1032650647003,559.2646659463618,6533.861592157158,11782.819017600088,374.59545957960177,106.39636298671618
/scratch/gsunka1/Pennington-mat/Pennington-MATLAB-Python/Python_Fall2025/model_files/OBJ/CanCan08_A 2026-02-04_12-13-30.obj,12,127.19156404005449,6.909547738693467,2,287.81988683519853,545.3787641988962,6210.353334257332,11224.599345267332,371.34697432052167,103.0601267456075
/scratch/gsunka1/Pennington-mat/Pennington-MATLAB-Python/Python_Fall2025/model_files/OBJ/CanCan08_A 2026-02-04_12-13-30.obj,13,136.25685369527292,7.402010050251256,2,283.70017707564136,536.7831990431685,6017.771737979706,10873.59676291941,369.3229913408616,101.67957589904813
/scratch/gsunka1/Pennington-mat/Pennington-MATLAB-Python/Python_Fall2025/model_files/OBJ/CanCan08_A 2026-02-04_12-13-30.obj,14,145.32214335049133,7.8944723618090435,2,284.119757224644,536.6559529180053,6036.532025763887,10892.336986240818,369.3888101082016,100.50723673110359
/scratch/gsunka1/Pennington-mat/Pennington-MATLAB-Python/Python_Fall2025/model_files/OBJ/CanCan08_A 2026-02-04_12-13-30.obj,15,154.38743300570977,8.386934673366833,2,283.63466589790005,538.9400606259626,6088.103519598272,11091.522695927248,372.8552439310247,99.86734090237354
/scratch/gsunka1/Pennington-mat/Pennington-MATLAB-Python/Python_Fall2025/model_files/OBJ/CanCan08_A 2026-02-04_12-13-30.obj,16,163.4527226609282,8.879396984924622,2,286.0742587985895,545.5652608906967,6205.583364942995,11331.297448324545,376.06530109371363,100.57175497437228
/scratch/gsunka1/Pennington-mat/Pennington-MATLAB-Python/Python_Fall2025/model_files/OBJ/CanCan08_A 2026-02-04_12-13-30.obj,17,172.51801231614664,9.37185929648241,2,291.4848580974396,554.3737627065315,6410.765721149884,11665.34047285011,378.01465472502446,100.62979599019009
/scratch/gsunka1/Pennington-mat/Pennington-MATLAB-Python/Python_Fall2025/model_files/OBJ/CanCan08_A 2026-02-04_12-13-30.obj,18,181.58330197136507,9.8643216080402,2,293.75902669321323,560.7702022237629,6556.139659122071,12020.113826265091,380.0970135623604,100.64050388060613
/scratch/gsunka1/Pennington-mat/Pennington-MATLAB-Python/Python_Fall2025/model_files/OBJ/CanCan08_A 2026-02-04_12-13-30.obj,19,190.64859162658348,10.356783919597989,2,300.9765500057365,586.4761153493903,6905.094872634472,12805.258265539534,382.57535675082,104.46095080460127
/scratch/gsunka1/Pennington-mat/Pennington-MATLAB-Python/Python_Fall2025/model_files/OBJ/CanCan08_A 2026-02-04_12-13-30.obj,20,199.71388128180192,10.849246231155778,2,310.6735375858307,607.249102595068,7340.177986638975,13619.73807581263,385.63442403631007,108.04784092059447
/scratch/gsunka1/Pennington-mat/Pennington-MATLAB-Python/Python_Fall2025/model_files/OBJ/CanCan08_A 2026-02-04_12-13-30.obj,21,208.77917093702035,11.341708542713567,2,309.2306170635072,607.0774748086515,7391.732430034666,14032.249107320153,388.5698243341351,105.8737762617917
/scratch/gsunka1/Pennington-mat/Pennington-MATLAB-Python/Python_Fall2025/model_files/OBJ/CanCan08_A 2026-02-04_12-13-30.obj,22,217.84446059223876,11.834170854271354,2,307.43940329651895,609.8580042165171,7311.914705457948,14209.527903976654,388.5301777157503,106.25209551132305
/scratch/gsunka1/Pennington-mat/Pennington-MATLAB-Python/Python_Fall2025/model_files/OBJ/CanCan08_A 2026-02-04_12-13-30.obj,23,226.9097502474572,12.326633165829143,2,312.6566077546056,617.8135297973018,7570.094086298432,14574.027826754867,388.915994294249,106.5034070217049
/scratch/gsunka1/Pennington-mat/Pennington-MATLAB-Python/Python_Fall2025/model_files/OBJ/CanCan08_A 2026-02-04_12-13-30.obj,24,235.97503990267563,12.819095477386934,2,321.49637599473095,627.6627477459019,8027.746465146687,15169.280805052016,390.7706483486544,106.7245963238602
/scratch/gsunka1/Pennington-mat/Pennington-MATLAB-Python/Python_Fall2025/model_files/OBJ/CanCan08_A 2026-02-04_12-13-30.obj,25,245.04032955789407,13.311557788944723,2,331.74140904758633,646.6466644478271,8496.124141275313,16159.704728299881,392.6766884074714,110.26488240388304
/scratch/gsunka1/Pennington-mat/Pennington-MATLAB-Python/Python_Fall2025/model_files/OBJ/CanCan08_A 2026-02-04_12-13-30.obj,26,254.1056192131125,13.804020100502512,2,340.17159028050065,664.3518483602762,8766.47081254735,16949.699208692327,394.34084769732306,114.33003307710717
/scratch/gsunka1/Pennington-mat/Pennington-MATLAB-Python/Python_Fall2025/model_files/OBJ/CanCan08_A 2026-02-04_12-13-30.obj,27,263.1709088683309,14.2964824120603,2,349.0757872130078,683.1053510570237,9162.421021817332,17799.539002207977,396.4764214753434,118.14698844796334
/scratch/gsunka1/Pennington-mat/Pennington-MATLAB-Python/Python_Fall2025/model_files/OBJ/CanCan08_A 2026-02-04_12-13-30.obj,28,272.2361985235493,14.788944723618087,2,360.91940392545615,702.4743091168707,9678.499540068146,18725.76465535872,398.82307074418475,117.6720411024895
/scratch/gsunka1/Pennington-mat/Pennington-MATLAB-Python/Python_Fall2025/model_files/OBJ/CanCan08_A 2026-02-04_12-13-30.obj,29,281.3014881787678,15.28140703517588,2,369.5854688775868,723.2527655616619,10082.786861966373,19811.791277450728,401.05621795909394,123.0447613776113
/scratch/gsunka1/Pennington-mat/Pennington-MATLAB-Python/Python_Fall2025/model_files/OBJ/CanCan08_A 2026-02-04_12-13-30.obj,30,290.3667778339862,15.773869346733667,2,377.5371013038156,742.4630345750866,10542.282332861323,20875.006706576798,402.604702237571,127.37480473119552
/scratch/gsunka1/Pennington-mat/Pennington-MATLAB-Python/Python_Fall2025/model_files/OBJ/CanCan08_A 2026-02-04_12-13-30.obj,31,299.43206748920466,16.266331658291456,2,386.0105905111145,759.9446608838456,11090.033866045374,21942.155617610428,403.8768955918367,130.16067470979365
/scratch/gsunka1/Pennington-mat/Pennington-MATLAB-Python/Python_Fall2025/model_files/OBJ/CanCan08_A 2026-02-04_12-13-30.obj,32,308.49735714442306,16.758793969849247,2,392.91457237955944,775.3323757689041,11510.31194784791,22836.876186951667,403.90064503917245,132.689655224718
/scratch/gsunka1/Pennington-mat/Pennington-MATLAB-Python/Python_Fall2025/model_files/OBJ/CanCan08_A 2026-02-04_12-13-30.obj,33,317.56264679964147,17.251256281407034,2,400.07322498556056,790.0929826627741,11957.40543639964,23725.22356714052,404.4803328956403,135.20397775328877
/scratch/gsunka1/Pennington-mat/Pennington-MATLAB-Python/Python_Fall2025/model_files/OBJ/CanCan08_A 2026-02-04_12-13-30.obj,34,326.62793645485993,17.74371859296482,2,407.97455638351227,803.9965023924581,12464.485709886427,24599.666713068924,406.34679147147705,136.72868966739486
/scratch/gsunka1/Pennington-mat/Pennington-MATLAB-Python/Python_Fall2025/model_files/OBJ/CanCan08_A 2026-02-04_12-13-30.obj,35,335.69322611007834,18.23618090452261,2,415.3648509990473,816.0347120018307,12904.955470835906,25359.974358676383,408.21325004731375,138.31669456242162
/scratch/gsunka1/Pennington-mat/Pennington-MATLAB-Python/Python_Fall2025/model_files/OBJ/CanCan08_A 2026-02-04_12-13-30.obj,36,344.7585157652968,18.728643216080403,2,420.6338762008898,826.1167771427961,13226.726372860981,26002.381775745824,410.32047336969123,141.19808829738776
/scratch/gsunka1/Pennington-mat/Pennington-MATLAB-Python/Python_Fall2025/model_files/OBJ/CanCan08_A 2026-02-04_12-13-30.obj,37,353.8238054205152,19.221105527638187,2,424.71918891892454,834.7462175269117,13383.789551181982,26468.46105470264,412.4574998631767,143.44473695643063
/scratch/gsunka1/Pennington-mat/Pennington-MATLAB-Python/Python_Fall2025/model_files/OBJ/CanCan08_A 2026-02-04_12-13-30.obj,38,362.8890950757336,19.713567839195978,2,425.88703946621933,839.3086375723374,13381.828412257344,26683.898561498194,412.8942668423124,143.17626967970455
/scratch/gsunka1/Pennington-mat/Pennington-MATLAB-Python/Python_Fall2025/model_files/OBJ/CanCan08_A 2026-02-04_12-13-30.obj,39,371.9543847309521,20.20603015075377,2,426.0798865438839,841.6768131465631,13419.846677628038,26839.57059504856,412.7100125202317,142.40491848400376
/scratch/gsunka1/Pennington-mat/Pennington-MATLAB-Python/Python_Fall2025/model_files/OBJ/CanCan08_A 2026-02-04_12-13-30.obj,40,381.0196743861705,20.698492462311556,2,426.25428843941,843.9294493515952,13499.79771547981,26829.844512206982,412.4205615778613,142.11775196600746
/scratch/gsunka1/Pennington-mat/Pennington-MATLAB-Python/Python_Fall2025/model_files/OBJ/CanCan08_A 2026-02-04_12-13-30.obj,41,390.0849640413889,21.190954773869343,2,426.80679590825395,844.5990447674519,13511.771617552178,26802.292568272787,411.6469580054826,141.85312190042893
/scratch/gsunka1/Pennington-mat/Pennington-MATLAB-Python/Python_Fall2025/model_files/OBJ/CanCan08_A 2026-02-04_12-13-30.obj,42,399.15025369660736,21.683417085427138,2,425.60040917549065,841.0849171099555,13447.184701515438,26677.14091602346,410.81966238958205,140.12873277420994
/scratch/gsunka1/Pennington-mat/Pennington-MATLAB-Python/Python_Fall2025/model_files/OBJ/CanCan08_A 2026-02-04_12-13-30.obj,43,408.2155433518258,22.17587939698492,2,419.91912947877967,833.8445308606633,13298.498391778898,26284.402494501926,409.58008627768123,139.73990132765908
/scratch/gsunka1/Pennington-mat/Pennington-MATLAB-Python/Python_Fall2025/model_files/OBJ/CanCan08_A 2026-02-04_12-13-30.obj,44,417.2808330070442,22.668341708542712,2,412.5163485182751,824.4419878690591,13108.666766412392,25712.00183326823,408.3172102627875,139.15051727724634
/scratch/gsunka1/Pennington-mat/Pennington-MATLAB-Python/Python_Fall2025/model_files/OBJ/CanCan08_A 2026-02-04_12-13-30.obj,45,426.34612266226264,23.1608040201005,2,407.8820176129471,815.1910809743376,12892.794819078546,25165.327887063606,405.41692711910537,136.49315620256417
/scratch/gsunka1/Pennington-mat/Pennington-MATLAB-Python/Python_Fall2025/model_files/OBJ/CanCan08_A 2026-02-04_12-13-30.obj,46,435.41141231748105,23.65326633165829,2,401.72659962667825,802.2747576250955,12528.436295604071,24573.117644121467,400.14436990153285,133.87598875689145
/scratch/gsunka1/Pennington-mat/Pennington-MATLAB-Python/Python_Fall2025/model_files/OBJ/CanCan08_A 2026-02-04_12-13-30.obj,47,444.4767019726995,24.145728643216078,2,398.4262442470487,795.2639400880746,12410.223532270886,24305.397869090026,395.42295274985804,137.1239783346847
/scratch/gsunka1/Pennington-mat/Pennington-MATLAB-Python/Python_Fall2025/model_files/OBJ/CanCan08_A 2026-02-04_12-13-30.obj,48,453.5419916279179,24.638190954773865,2,397.9641963707483,793.4952398945263,12346.825077986006,24197.913772827276,391.55475582466266,139.3157339947662
/scratch/gsunka1/Pennington-mat/Pennington-MATLAB-Python/Python_Fall2025/model_files/OBJ/CanCan08_A 2026-02-04_12-13-30.obj,49,462.60728128313633,25.130653266331656,2,396.6100921243616,792.4212463401468,12174.009844459157,24106.0171097909,386.7736939371112,137.34264924992635
/scratch/gsunka1/Pennington-mat/Pennington-MATLAB-Python/Python_Fall2025/model_files/OBJ/CanCan08_A 2026-02-04_12-13-30.obj,50,471.6725709383548,25.623115577889443,2,402.3706260023121,798.9161634336467,12279.569762590747,24409.121404076024,381.9690523651251,138.58270611462325
/scratch/gsunka1/Pennington-mat/Pennington-MATLAB-Python/Python_Fall2025/model_files/OBJ/CanCan08_A 2026-02-04_12-13-30.obj,51,480.7378605935732,26.115577889447234,2,411.43530628663774,813.373519921978,12770.968634450182,25148.357174843513,376.67562487967365,141.44318107921458
/scratch/gsunka1/Pennington-mat/Pennington-MATLAB-Python/Python_Fall2025/model_files/OBJ/CanCan08_A 2026-02-04_12-13-30.obj,52,489.80315024879167,26.60804020100502,2,418.87479872932323,827.6310717135307,13256.376609789751,26014.393037959264,371.6377935522048,144.91115544035353
/scratch/gsunka1/Pennington-mat/Pennington-MATLAB-Python/Python_Fall2025/model_files/OBJ/CanCan08_A 2026-02-04_12-13-30.obj,53,498.8684399040101,27.100502512562812,2,425.44494355314725,842.6466648578529,13649.749319604458,26852.58449681125,367.4814600406849,148.37912980149244
/scratch/gsunka1/Pennington-mat/Pennington-MATLAB-Python/Python_Fall2025/model_files/OBJ/CanCan08_A 2026-02-04_12-13-30.obj,54,507.9337295592285,27.592964824120596,2,429.87463021093174,853.9084252186378,13843.501561792727,27417.079706792774,363.6079872909592,150.91403607605537
/scratch/gsunka1/Pennington-mat/Pennington-MATLAB-Python/Python_Fall2025/model_files/OBJ/CanCan08_A 2026-02-04_12-13-30.obj,55,516.9990192144469,28.085427135678387,2,436.29251644939393,867.0650121696715,14180.480819982567,28152.090555902436,359.7345145412335,153.726456833204
/scratch/gsunka1/Pennington-mat/Pennington-MATLAB-Python/Python_Fall2025/model_files/OBJ/CanCan08_A 2026-02-04_12-13-30.obj,56,526.0643088696654,28.57788944723618,2,443.35212569192896,879.2370473445869,14591.641607818765,28922.10480823234,358.4190913858185,155.78075470550408
/scratch/gsunka1/Pennington-mat/Pennington-MATLAB-Python/Python_Fall2025/model_files/OBJ/CanCan08_A 2026-02-04_12-13-30.obj,57,535.1295985248838,29.07035175879397,2,447.86124366708117,887.2507461496816,15003.442278003651,29657.346843843126,357.89589148567114,156.87394123146288
/scratch/gsunka1/Pennington-mat/Pennington-MATLAB-Python/Python_Fall2025/model_files/OBJ/CanCan08_A 2026-02-04_12-13-30.obj,58,544.1948881801022,29.562814070351756,2,450.55971640811623,893.2206921898111,15334.128417195927,30325.811608659234,356.63331215854316,156.17748230019447
/scratch/gsunka1/Pennington-mat/Pennington-MATLAB-Python/Python_Fall2025/model_files/OBJ/CanCan08_A 2026-02-04_12-13-30.obj,59,553.2601778353206,30.055276381909547,2,453.40172577982327,898.4360402253765,15673.492040456696,30901.40990525148,355.9511934155372,154.84935416813673
/scratch/gsunka1/Pennington-mat/Pennington-MATLAB-Python/Python_Fall2025/model_files/OBJ/CanCan08_A 2026-02-04_12-13-30.obj,60,562.325467490539,30.54773869346733,2,455.20457117765125,902.1042062286635,15870.139631422575,31294.94417658272,355.23865009029,153.81906669208797
/scratch/gsunka1/Pennington-mat/Pennington-MATLAB-Python/Python_Fall2025/model_files/OBJ/CanCan08_A 2026-02-04_12-13-30.obj,61,571.3907571457574,31.04020100502512,2,456.9131061160915,906.3442821446472,16046.910740880812,31731.36489044332,353.07449891723024,153.73612412375172
/scratch/gsunka1/Pennington-mat/Pennington-MATLAB-Python/Python_Fall2025/model_files/OBJ/CanCan08_A 2026-02-04_12-13-30.obj,62,580.456046800976,31.532663316582912,2,457.826279759084,910.2781871174544,16181.707262252457,32095.33288307247,349.9715547142458,154.052007645411
/scratch/gsunka1/Pennington-mat/Pennington-MATLAB-Python/Python_Fall2025/model_files/OBJ/CanCan08_A 2026-02-04_12-13-30.obj,63,589.5213364561944,32.0251256281407,2,459.86313778064476,916.276753827598,16405.904464550073,32617.573142408513,347.65289207704285,154.68318649061501
/scratch/gsunka1/Pennington-mat/Pennington-MATLAB-Python/Python_Fall2025/model_files/OBJ/CanCan08_A 2026-02-04_12-13-30.obj,64,598.5866261114128,32.51758793969849,2,464.20751439395286,925.9789425250905,16767.629833601848,33401.52359946474,347.1200732306273,155.314365335819
/scratch/gsunka1/Pennington-mat/Pennington-MATLAB-Python/Python_Fall2025/model_files/OBJ/CanCan08_A 2026-02-04_12-13-30.obj,65,607.6519157666312,33.01005025125628,2,470.9556839169551,938.9377665933782,17266.078812296135,34379.59640600094,351.17934137057455,157.06579151405288
/scratch/gsunka1/Pennington-mat/Pennington-MATLAB-Python/Python_Fall2025/model_files/OBJ/CanCan08_A 2026-02-04_12-13-30.obj,66,616.7172054218496,33.50251256281406,2,478.6456988801991,953.7295842748181,17852.921609325596,35476.46962218342,354.68407445813733,160.99956660228153
/scratch/gsunka1/Pennington-mat/Pennington-MATLAB-Python/Python_Fall2025/model_files/OBJ/CanCan08_A 2026-02-04_12-13-30.obj,67,625.7824950770681,33.994974874371856,2,486.5710162216398,968.9696094551673,18488.48905246652,36670.39667050968,357.4433751637896,163.95217187200325
/scratch/gsunka1/Pennington-mat/Pennington-MATLAB-Python/Python_Fall2025/model_files/OBJ/CanCan08_A 2026-02-04_12-13-30.obj,68,634.8477847322865,34.48743718592964,2,495.51160643850517,986.1506964195565,19127.793047076753,37947.33751350194,360.2719551861293,166.66930512554723
/scratch/gsunka1/Pennington-mat/Pennington-MATLAB-Python/Python_Fall2025/model_files/OBJ/CanCan08_A 2026-02-04_12-13-30.obj,69,643.9130743875049,34.97989949748744,2,505.8863386459922,1005.8722766253529,19940.641489985144,39499.56320865704,363.1082158461446,171.76004794368401
/scratch/gsunka1/Pennington-mat/Pennington-MATLAB-Python/Python_Fall2025/model_files/OBJ/CanCan08_A 2026-02-04_12-13-30.obj,70,652.9783640427233,35.47236180904522,2,517.1880890495723,1027.6664957630896,20827.762378534255,41179.914381662085,365.9674655641989,176.9398199266968
/scratch/gsunka1/Pennington-mat/Pennington-MATLAB-Python/Python_Fall2025/model_files/OBJ/CanCan08_A 2026-02-04_12-13-30.obj,71,662.0436536979417,35.96482412060301,2,527.7314797238513,1049.0929208281018,21724.72803239053,42977.00592166015,368.8657668885862,179.9635562302139
/scratch/gsunka1/Pennington-mat/Pennington-MATLAB-Python/Python_Fall2025/model_files/OBJ/CanCan08_A 2026-02-04_12-13-30.obj,72,671.1089433531603,36.45728643216081,2,537.8928546848342,1070.716110853151,22572.99496753009,44765.0986962073,371.7640682129737,183.32315196051513
/scratch/gsunka1/Pennington-mat/Pennington-MATLAB-Python/Python_Fall2025/model_files/OBJ/CanCan08_A 2026-02-04_12-13-30.obj,73,680.1742330083787,36.94974874371859,2,548.4534082377883,1093.0807859678466,23428.805367939956,46572.366583920164,374.6623695373611,186.88615819349965
/scratch/gsunka1/Pennington-mat/Pennington-MATLAB-Python/Python_Fall2025/model_files/OBJ/CanCan08_A 2026-02-04_12-13-30.obj,74,689.2395226635971,37.442211055276374,2,559.2293414249851,1115.812464311814,24374.126474128898,48557.07553599228,377.1849295404493,191.5220357453178
/scratch/gsunka1/Pennington-mat/Pennington-MATLAB-Python/Python_Fall2025/model_files/OBJ/CanCan08_A 2026-02-04_12-13-30.obj,75,698.3048123188155,37.93467336683417,2,569.8905331008679,1137.774364257639,25340.911762216518,50535.33956782453,379.13193512946975,192.72436839342456
/scratch/gsunka1/Pennington-mat/Pennington-MATLAB-Python/Python_Fall2025/model_files/OBJ/CanCan08_A 2026-02-04_12-13-30.obj,76,707.3701019740339,38.427135678391956,2,579.7469441735725,1158.6300016595728,26260.33911742777,52425.807084673615,381.2336830920026,195.32685068635413
/scratch/gsunka1/Pennington-mat/Pennington-MATLAB-Python/Python_Fall2025/model_files/OBJ/CanCan08_A 2026-02-04_12-13-30.obj,77,716.4353916292523,38.91959798994974,2,589.4811588358712,1177.9240740530377,27138.883929855816,54251.137985624075,383.40929966558065,197.41393888101442
/scratch/gsunka1/Pennington-mat/Pennington-MATLAB-Python/Python_Fall2025/model_files/OBJ/CanCan08_A 2026-02-04_12-13-30.obj,78,725.5006812844708,39.41206030150753,2,599.6299342508465,1197.034714586136,28056.045605885116,56030.908731004485,386.4588994526887,200.75419855238022
/scratch/gsunka1/Pennington-mat/Pennington-MATLAB-Python/Python_Fall2025/model_files/OBJ/CanCan08_A 2026-02-04_12-13-30.obj,79,734.5659709396892,39.904522613065325,2,608.7989121625332,1215.3765945761807,28876.463244930186,57717.91745318376,388.8359502193966,203.12010854200344
/scratch/gsunka1/Pennington-mat/Pennington-MATLAB-Python/Python_Fall2025/model_files/OBJ/CanCan08_A 2026-02-04_12-13-30.obj,80,743.6312605949076,40.39698492462311,1,1208.1209477748994,1208.1209477748994,59587.635115543846,59587.635115543846,390.1210398450586,202.16365776726497
/scratch/gsunka1/Pennington-mat/Pennington-MATLAB-Python/Python_Fall2025/model_files/OBJ/CanCan08_A 2026-02-04_12-13-30.obj,81,752.696550250126,40.8894472361809,1,1186.9171054286219,1186.9171054286219,61019.448145926195,61019.448145926195,391.3908072179962,202.3678589649698
/scratch/gsunka1/Pennington-mat/Pennington-MATLAB-Python/Python_Fall2025/model_files/OBJ/CanCan08_A 2026-02-04_12-13-30.obj,82,761.7618399053445,41.381909547738694,2,1183.873000981893,1227.0332882013984,61957.01969314173,62079.847414032396,563.7025332259994,214.32193170871608
/scratch/gsunka1/Pennington-mat/Pennington-MATLAB-Python/Python_Fall2025/model_files/OBJ/CanCan08_A 2026-02-04_12-13-30.obj,83,770.827129560563,41.87437185929648,2,1173.672802724192,1304.4448412659508,62751.32685473097,63437.4266125837,572.4406448071344,241.85729267398614
/scratch/gsunka1/Pennington-mat/Pennington-MATLAB-Python/Python_Fall2025/model_files/OBJ/CanCan08_A 2026-02-04_12-13-30.obj,84,779.8924192157814,42.36683417085427,2,1167.577391224439,1326.9093354375982,63537.7916905835,64983.59677515707,576.1234299776343,245.97235228139306
/scratch/gsunka1/Pennington-mat/Pennington-MATLAB-Python/Python_Fall2025/model_files/OBJ/CanCan08_A 2026-02-04_12-13-30.obj,85,788.9577088709998,42.859296482412056,2,1162.4519588996804,1343.044429505826,64271.50559974658,66418.91463418833,587.116234071169,248.39069025419604
/scratch/gsunka1/Pennington-mat/Pennington-MATLAB-Python/Python_Fall2025/model_files/OBJ/CanCan08_A 2026-02-04_12-13-30.obj,86,798.0229985262182,43.35175879396984,2,1157.6737314459087,1362.5526175225402,65047.41643570308,67836.37498782322,593.0735844530936,250.61969686906042
/scratch/gsunka1/Pennington-mat/Pennington-MATLAB-Python/Python_Fall2025/model_files/OBJ/CanCan08_A 2026-02-04_12-13-30.obj,87,807.0882881814366,43.84422110552764,2,1161.2625919578077,1404.722872172422,65868.2353409662,69576.45880841272,595.8688417536264,251.91510473607423
/scratch/gsunka1/Pennington-mat/Pennington-MATLAB-Python/Python_Fall2025/model_files/OBJ/CanCan08_A 2026-02-04_12-13-30.obj,88,816.153577836655,44.33668341708542,2,1160.2305110970892,1424.9416384448168,66856.99704841843,71210.6667214544,598.8629284303887,252.76329643379438
/scratch/gsunka1/Pennington-mat/Pennington-MATLAB-Python/Python_Fall2025/model_files/OBJ/CanCan08_A 2026-02-04_12-13-30.obj,89,825.2188674918735,44.82914572864321,2,1135.0942625426028,1415.8980235023196,68527.81881477931,73125.56500800737,602.8571927395656,255.95328366830785
/scratch/gsunka1/Pennington-mat/Pennington-MATLAB-Python/Python_Fall2025/model_files/OBJ/CanCan08_A 2026-02-04_12-13-30.obj,90,834.284157147092,45.321608040201,3,1129.9014789860635,1485.0298919079721,71199.05438200635,76228.93531787634,794.2977371331427,257.30397424408557
/scratch/gsunka1/Pennington-mat/Pennington-MATLAB-Python/Python_Fall2025/model_files/OBJ/CanCan08_A 2026-02-04_12-13-30.obj,91,843.3494468023104,45.814070351758794,3,1138.5587395991379,1515.9403179625465,74359.57394210517,79874.89527978672,805.1893919246991,257.33067249839814
/scratch/gsunka1/Pennington-mat/Pennington-MATLAB-Python/Python_Fall2025/model_files/OBJ/CanCan08_A 2026-02-04_12-13-30.obj,92,852.4147364575288,46.30653266331658,3,1138.7511360117057,1515.5282382437392,78148.93379698905,83901.89420439479,805.6278390272785,265.1310533710606
/scratch/gsunka1/Pennington-mat/Pennington-MATLAB-Python/Python_Fall2025/model_files/OBJ/CanCan08_A 2026-02-04_12-13-30.obj,93,861.4800261127472,46.79899497487436,3,1122.6037382815327,1493.0050351610885,81921.20819818607,87850.33479836915,803.3345500887895,272.95906050705423
/scratch/gsunka1/Pennington-mat/Pennington-MATLAB-Python/Python_Fall2025/model_files/OBJ/CanCan08_A 2026-02-04_12-13-30.obj,94,870.5453157679657,47.291457286432156,3,1111.5444455384081,1479.431329214704,84737.09232904974,90569.4031491146,802.4214463902601,276.9263619999859
/scratch/gsunka1/Pennington-mat/Pennington-MATLAB-Python/Python_Fall2025/model_files/OBJ/CanCan08_A 2026-02-04_12-13-30.obj,95,879.6106054231841,47.78391959798995,3,1106.1930684482907,1478.108142485813,86846.05008438553,92643.89476457724,806.0792042825259,280.7555830436396
/scratch/gsunka1/Pennington-mat/Pennington-MATLAB-Python/Python_Fall2025/model_files/OBJ/CanCan08_A 2026-02-04_12-13-30.obj,96,888.6758950784025,48.27638190954774,3,1103.2775728321674,1512.4535355607354,88297.01590419254,94634.57710743802,814.4490572464608,283.0383709777393
/scratch/gsunka1/Pennington-mat/Pennington-MATLAB-Python/Python_Fall2025/model_files/OBJ/CanCan08_A 2026-02-04_12-13-30.obj,97,897.7411847336209,48.76884422110552,3,1100.7601468966238,1516.952230125565,89108.33419460425,95580.85435765184,814.3151577773251,284.7875203808842
/scratch/gsunka1/Pennington-mat/Pennington-MATLAB-Python/Python_Fall2025/model_files/OBJ/CanCan08_A 2026-02-04_12-13-30.obj,98,906.8064743888393,49.261306532663305,3,1097.9440494921726,1502.1070656402812,89472.56584119462,95727.63660091875,812.5902201687269,284.91843359387326
/scratch/gsunka1/Pennington-mat/Pennington-MATLAB-Python/Python_Fall2025/model_files/OBJ/CanCan08_A 2026-02-04_12-13-30.obj,99,915.8717640440578,49.7537688442211,3,1095.1182625070517,1476.6106532562808,89383.56147471086,95206.15431909698,808.9390792939106,283.6046307075011
/scratch/gsunka1/Pennington-mat/Pennington-MATLAB-Python/Python_Fall2025/model_files/OBJ/CanCan08_A 2026-02-04_12-13-30.obj,100,924.9370536992762,50.246231155778894,3,1091.487063821824,1434.6110818784312,88953.02669765145,93788.69461131017,804.9939273394166,281.3789790219096
/scratch/gsunka1/Pennington-mat/Pennington-MATLAB-Python/Python_Fall2025/model_files/OBJ/CanCan08_A 2026-02-04_12-13-30.obj,101,934.0023433544947,50.73869346733668,3,1086.7938259511466,1391.3344498211513,88326.31358648694,92285.14835981614,801.206082609824,280.71801888644285
/scratch/gsunka1/Pennington-mat/Pennington-MATLAB-Python/Python_Fall2025/model_files/OBJ/CanCan08_A 2026-02-04_12-13-30.obj,102,943.0676330097131,51.23115577889446,3,1081.0152964751403,1365.9592510023044,87484.66045112662,90998.6337154717,801.5312694848378,280.0597576699026
/scratch/gsunka1/Pennington-mat/Pennington-MATLAB-Python/Python_Fall2025/model_files/OBJ/CanCan08_A 2026-02-04_12-13-30.obj,103,952.1329226649315,51.723618090452256,3,1073.7578425877484,1359.3402756996086,86481.89352664335,89954.29201976584,803.0249648609945,279.5653225745058
/scratch/gsunka1/Pennington-mat/Pennington-MATLAB-Python/Python_Fall2025/model_files/OBJ/CanCan08_A 2026-02-04_12-13-30.obj,104,961.19821232015,52.21608040201005,3,1065.545370748191,1372.973888657348,85434.17223876469,89252.0063542131,805.4385082635528,279.49649463055937
/scratch/gsunka1/Pennington-mat/Pennington-MATLAB-Python/Python_Fall2025/model_files/OBJ/CanCan08_A 2026-02-04_12-13-30.obj,105,970.2635019753684,52.70854271356784,3,1056.109517552801,1390.808408967093,84195.1598602318,88581.21667421976,806.2897843726485,278.2098150482535
/scratch/gsunka1/Pennington-mat/Pennington-MATLAB-Python/Python_Fall2025/model_files/OBJ/CanCan08_A 2026-02-04_12-13-30.obj,106,979.3287916305868,53.201005025125625,3,1045.902339920859,1430.126039774098,82918.9958910719,88573.11697777551,806.773774596918,276.2120744967463
/scratch/gsunka1/Pennington-mat/Pennington-MATLAB-Python/Python_Fall2025/model_files/OBJ/CanCan08_A 2026-02-04_12-13-30.obj,107,988.3940812858052,53.693467336683405,3,1034.2465642794068,1457.9899923189475,81311.41898557717,88196.47154079266,806.6118474453046,273.1954993230921
/scratch/gsunka1/Pennington-mat/Pennington-MATLAB-Python/Python_Fall2025/model_files/OBJ/CanCan08_A 2026-02-04_12-13-30.obj,108,997.4593709410236,54.1859296482412,3,1020.5358213841682,1462.5768617915091,79205.28510695545,86688.90898147092,802.8961883318902,268.74115372871825
/scratch/gsunka1/Pennington-mat/Pennington-MATLAB-Python/Python_Fall2025/model_files/OBJ/CanCan08_A 2026-02-04_12-13-30.obj,109,1006.524660596242,54.67839195979899,3,1005.6682033277942,1466.71448204353,76914.4568508457,85045.25549067788,797.4512522699772,265.02901329890364
/scratch/gsunka1/Pennington-mat/Pennington-MATLAB-Python/Python_Fall2025/model_files/OBJ/CanCan08_A 2026-02-04_12-13-30.obj,110,1015.5899502514606,55.17085427135678,3,990.8813285716212,1470.6788324666645,74775.59813186995,83629.6041879277,791.9763065368747,262.60386540616184
/scratch/gsunka1/Pennington-mat/Pennington-MATLAB-Python/Python_Fall2025/model_files/OBJ/CanCan08_A 2026-02-04_12-13-30.obj,111,1024.655239906679,55.663316582914575,3,977.4436028076391,1476.2937535805963,72856.51413418452,82390.02991586446,786.9084845628386,260.39587152382336
/scratch/gsunka1/Pennington-mat/Pennington-MATLAB-Python/Python_Fall2025/model_files/OBJ/CanCan08_A 2026-02-04_12-13-30.obj,112,1033.7205295618974,56.155778894472355,3,966.3306707769395,1485.2668623159157,71301.62792310349,81488.9464979682,781.0906638109419,259.623061779081
/scratch/gsunka1/Pennington-mat/Pennington-MATLAB-Python/Python_Fall2025/model_files/OBJ/CanCan08_A 2026-02-04_12-13-30.obj,113,1042.7858192171157,56.648241206030136,3,958.7019092872503,1491.6896428499272,70282.39969183956,80911.72470598559,774.0685771451598,260.0283368459228
/scratch/gsunka1/Pennington-mat/Pennington-MATLAB-Python/Python_Fall2025/model_files/OBJ/CanCan08_A 2026-02-04_12-13-30.obj,114,1051.8511088723344,57.140703517587944,3,956.6424923684729,1501.0199741041338,69948.68311305609,81038.96183694685,769.2986215946097,260.051688252483
/scratch/gsunka1/Pennington-mat/Pennington-MATLAB-Python/Python_Fall2025/model_files/OBJ/CanCan08_A 2026-02-04_12-13-30.obj,115,1060.9163985275527,57.633165829145725,3,961.8572325289076,1520.2126525539884,70281.1829280498,81966.26281370522,765.2327654733374,259.7106712864957
/scratch/gsunka1/Pennington-mat/Pennington-MATLAB-Python/Python_Fall2025/model_files/OBJ/CanCan08_A 2026-02-04_12-13-30.obj,116,1069.981688182771,58.12562814070351,3,972.3399624987735,1542.881812642641,71038.7002656661,83320.30103642173,759.7523802067333,259.0212322916318
/scratch/gsunka1/Pennington-mat/Pennington-MATLAB-Python/Python_Fall2025/model_files/OBJ/CanCan08_A 2026-02-04_12-13-30.obj,117,1079.0469778379893,58.618090452261285,3,980.0493675696359,1556.0352908291825,71393.38974035293,84067.41078867433,754.5476280006419,257.1776477199218
/scratch/gsunka1/Pennington-mat/Pennington-MATLAB-Python/Python_Fall2025/model_files/OBJ/CanCan08_A 2026-02-04_12-13-30.obj,118,1088.112267493208,59.11055276381909,3,984.8900825107556,1569.8765421217197,71396.70981890075,84532.97137210531,751.0901800825043,256.36983248368585
/scratch/gsunka1/Pennington-mat/Pennington-MATLAB-Python/Python_Fall2025/model_files/OBJ/CanCan08_A 2026-02-04_12-13-30.obj,119,1097.1775571484263,59.603015075376874,3,986.8563172748984,1587.4699537457177,71598.88641233917,85480.13244409619,747.486860156338,258.3802963705567
/scratch/gsunka1/Pennington-mat/Pennington-MATLAB-Python/Python_Fall2025/model_files/OBJ/CanCan08_A 2026-02-04_12-13-30.obj,120,1106.2428468036446,60.09547738693466,3,983.2546222196305,1596.8286957256591,71810.39469993135,86280.75432714731,742.8574079898192,260.9872628466366
/scratch/gsunka1/Pennington-mat/Pennington-MATLAB-Python/Python_Fall2025/model_files/OBJ/CanCan08_A 2026-02-04_12-13-30.obj,121,1115.3081364588634,60.58793969849247,3,981.3476768518777,1602.6570265872815,71670.92972802557,86481.80432031678,738.1590875146575,262.8218109207245
/scratch/gsunka1/Pennington-mat/Pennington-MATLAB-Python/Python_Fall2025/model_files/OBJ/CanCan08_A 2026-02-04_12-13-30.obj,122,1124.3734261140817,61.08040201005024,3,980.4330798970623,1609.837590859029,71473.2030524317,86602.12516921556,733.3381443750471,262.7830742145329
/scratch/gsunka1/Pennington-mat/Pennington-MATLAB-Python/Python_Fall2025/model_files/OBJ/CanCan08_A 2026-02-04_12-13-30.obj,123,1133.4387157693,61.57286432160802,3,979.4695454724704,1617.6475746704068,71054.01926207234,86480.42899517632,728.5898732171154,264.5278398189146
/scratch/gsunka1/Pennington-mat/Pennington-MATLAB-Python/Python_Fall2025/model_files/OBJ/CanCan08_A 2026-02-04_12-13-30.obj,124,1142.5040054245187,62.06532663316583,3,974.0996429221169,1612.7641629764025,70453.52564752953,85927.35409411699,723.9528046896864,266.2191763509648
/scratch/gsunka1/Pennington-mat/Pennington-MATLAB-Python/Python_Fall2025/model_files/OBJ/CanCan08_A 2026-02-04_12-13-30.obj,125,1151.569295079737,62.55778894472362,3,968.6600656738393,1602.6678430493303,69820.46500319373,85126.36291156907,717.5807433192617,264.77515554485547
/scratch/gsunka1/Pennington-mat/Pennington-MATLAB-Python/Python_Fall2025/model_files/OBJ/CanCan08_A 2026-02-04_12-13-30.obj,126,1160.6345847349553,63.0502512562814,3,963.9771022036972,1592.5529304893992,69318.59989067704,84322.85780977106,709.2039130755072,263.518078627065
/scratch/gsunka1/Pennington-mat/Pennington-MATLAB-Python/Python_Fall2025/model_files/OBJ/CanCan08_A 2026-02-04_12-13-30.obj,127,1169.6998743901736,63.54271356783918,3,957.9336149797664,1586.034359748399,68843.7581478708,83682.4416575123,703.0038106783628,264.2582031853303
/scratch/gsunka1/Pennington-mat/Pennington-MATLAB-Python/Python_Fall2025/model_files/OBJ/CanCan08_A 2026-02-04_12-13-30.obj,128,1178.7651640453923,64.03517587939699,3,952.5477565565604,1582.273817132521,68548.57114391611,83301.32186702968,697.361246913398,265.8861657181578
/scratch/gsunka1/Pennington-mat/Pennington-MATLAB-Python/Python_Fall2025/model_files/OBJ/CanCan08_A 2026-02-04_12-13-30.obj,129,1187.8304537006106,64.52763819095476,3,949.4606764610065,1580.685958466412,68380.64047589345,83070.94735039717,691.6827238223223,266.6498911466309
/scratch/gsunka1/Pennington-mat/Pennington-MATLAB-Python/Python_Fall2025/model_files/OBJ/CanCan08_A 2026-02-04_12-13-30.obj,130,1196.895743355829,65.02010050251255,3,948.2301280212973,1584.3354278922445,68280.68784595943,83161.01826581598,684.3128456189945,264.7413097715435
/scratch/gsunka1/Pennington-mat/Pennington-MATLAB-Python/Python_Fall2025/model_files/OBJ/CanCan08_A 2026-02-04_12-13-30.obj,131,1205.9610330110477,65.51256281407035,3,949.0837778661357,1604.2988471428675,68450.77383904747,84088.88810633309,677.1003328194014,263.6991701154219
/scratch/gsunka1/Pennington-mat/Pennington-MATLAB-Python/Python_Fall2025/model_files/OBJ/CanCan08_A 2026-02-04_12-13-30.obj,132,1215.026322666266,66.00502512562814,3,953.9754943252087,1630.981667922052,68918.56958838669,85440.47865419823,668.4612937267715,262.7144017770005
/scratch/gsunka1/Pennington-mat/Pennington-MATLAB-Python/Python_Fall2025/model_files/OBJ/CanCan08_A 2026-02-04_12-13-30.obj,133,1224.0916123214843,66.49748743718592,3,958.4973537388743,1649.7251036085927,69654.75397593058,86788.20774721594,657.1753082227302,263.31903970956427
/scratch/gsunka1/Pennington-mat/Pennington-MATLAB-Python/Python_Fall2025/model_files/OBJ/CanCan08_A 2026-02-04_12-13-30.obj,134,1233.156901976703,66.98994974874373,3,963.476700866586,1663.4750906652437,70410.29832706119,88063.15355964919,645.8252601034667,264.14749208052217
/scratch/gsunka1/Pennington-mat/Pennington-MATLAB-Python/Python_Fall2025/model_files/OBJ/CanCan08_A 2026-02-04_12-13-30.obj,135,1242.2221916319213,67.4824120603015,3,970.6290582763445,1678.274272834965,71152.54882769627,89389.72844106174,635.0140301358568,262.79511490522884
/scratch/gsunka1/Pennington-mat/Pennington-MATLAB-Python/Python_Fall2025/model_files/OBJ/CanCan08_A 2026-02-04_12-13-30.obj,136,1251.2874812871396,67.97487437185929,3,979.0120152769789,1694.3411425177133,72031.98201660927,90813.9571849126,624.9082847538564,260.26057828175874
/scratch/gsunka1/Pennington-mat/Pennington-MATLAB-Python/Python_Fall2025/model_files/OBJ/CanCan08_A 2026-02-04_12-13-30.obj,137,1260.352770942358,68.46733668341707,3,987.778956752877,1710.0324532352897,72894.45690459324,92143.8922489871,616.787785961207,257.5755376264395
/scratch/gsunka1/Pennington-mat/Pennington-MATLAB-Python/Python_Fall2025/model_files/OBJ/CanCan08_A 2026-02-04_12-13-30.obj,138,1269.4180605975766,68.95979899497488,3,1001.0165816948657,1725.1427945592607,73988.93078703541,93463.57113363108,609.742738844672,255.52508136871327
/scratch/gsunka1/Pennington-mat/Pennington-MATLAB-Python/Python_Fall2025/model_files/OBJ/CanCan08_A 2026-02-04_12-13-30.obj,139,1278.483350252795,69.45226130653265,3,1022.8702322583647,1741.6703358368745,75457.52653478256,94810.80915256577,603.1082819377001,255.24236824286032
/scratch/gsunka1/Pennington-mat/Pennington-MATLAB-Python/Python_Fall2025/model_files/OBJ/CanCan08_A 2026-02-04_12-13-30.obj,140,1287.5486399080132,69.94472361809044,3,1344.2487253323739,1744.4265751618243,87914.92733054738,97149.25103202341,596.811099167716,258.3613759440358
/scratch/gsunka1/Pennington-mat/Pennington-MATLAB-Python/Python_Fall2025/model_files/OBJ/CanCan08_A 2026-02-04_12-13-30.obj,141,1296.613929563232,70.43718592964824,2,1308.9954183758805,1653.2466131685705,90251.19998518452,99221.4141951614,591.3084464565115,263.31102321009706
/scratch/gsunka1/Pennington-mat/Pennington-MATLAB-Python/Python_Fall2025/model_files/OBJ/CanCan08_A 2026-02-04_12-13-30.obj,142,1305.6792192184503,70.92964824120602,1,1665.2854154035972,1665.2854154035972,101463.50887007403,101463.50887007403,586.0768333620692,266.32401966131374
/scratch/gsunka1/Pennington-mat/Pennington-MATLAB-Python/Python_Fall2025/model_files/OBJ/CanCan08_A 2026-02-04_12-13-30.obj,143,1314.7445088736686,71.42211055276381,1,1598.4089909687755,1598.4089909687755,103322.56731227625,103322.56731227625,579.0702946940983,269.1599175831675
/scratch/gsunka1/Pennington-mat/Pennington-MATLAB-Python/Python_Fall2025/model_files/OBJ/CanCan08_A 2026-02-04_12-13-30.obj,144,1323.8097985288873,71.91457286432161,1,1563.5062196426948,1563.5062196426948,104653.88106538042,104653.88106538042,572.0393467398574,271.09509531955206
/scratch/gsunka1/Pennington-mat/Pennington-MATLAB-Python/Python_Fall2025/model_files/OBJ/CanCan08_A 2026-02-04_12-13-30.obj,145,1332.8750881841056,72.4070351758794,1,1524.7427382853907,1524.7427382853907,105753.38890572857,105753.38890572857,566.9668448234095,271.9701969707035
/scratch/gsunka1/Pennington-mat/Pennington-MATLAB-Python/Python_Fall2025/model_files/OBJ/CanCan08_A 2026-02-04_12-13-30.obj,146,1341.940377839324,72.89949748743717,1,1477.771452997189,1477.771452997189,107038.42503227442,107038.42503227442,562.0430647814106,274.01299911420756
/scratch/gsunka1/Pennington-mat/Pennington-MATLAB-Python/Python_Fall2025/model_files/OBJ/CanCan08_A 2026-02-04_12-13-30.obj,147,1351.0056674945422,73.39195979899496,1,1428.0273934590032,1428.0273934590032,107956.8966389725,107956.8966389725,557.1192847394118,274.01887904201794
/scratch/gsunka1/Pennington-mat/Pennington-MATLAB-Python/Python_Fall2025/model_files/OBJ/CanCan08_A 2026-02-04_12-13-30.obj,148,1360.070957149761,73.88442211055276,1,1404.3663163242609,1404.3663163242609,108275.34009770093,108275.34009770093,552.3642658441299,273.374992560123
/scratch/gsunka1/Pennington-mat/Pennington-MATLAB-Python/Python_Fall2025/model_files/OBJ/CanCan08_A 2026-02-04_12-13-30.obj,149,1369.1362468049792,74.37688442211054,1,1383.5418663214652,1383.5418663214652,108245.26210188425,108245.26210188425,548.4130489130243,272.6191121109973
/scratch/gsunka1/Pennington-mat/Pennington-MATLAB-Python/Python_Fall2025/model_files/OBJ/CanCan08_A 2026-02-04_12-13-30.obj,150,1378.2015364601975,74.86934673366832,1,1362.1878678153603,1362.1878678153603,107790.76381695637,107790.76381695637,544.72449264477,270.20462028293
/scratch/gsunka1/Pennington-mat/Pennington-MATLAB-Python/Python_Fall2025/model_files/OBJ/CanCan08_A 2026-02-04_12-13-30.obj,151,1387.2668261154163,75.36180904522612,1,1338.6610395723533,1338.6610395723533,106846.37281282038,106846.37281282038,541.4438033295578,264.7949446050586
/scratch/gsunka1/Pennington-mat/Pennington-MATLAB-Python/Python_Fall2025/model_files/OBJ/CanCan08_A 2026-02-04_12-13-30.obj,152,1396.3321157706346,75.85427135678391,1,1318.6757549719837,1318.6757549719837,105526.10291805153,105526.10291805153,537.4249850867618,259.627179212182
/scratch/gsunka1/Pennington-mat/Pennington-MATLAB-Python/Python_Fall2025/model_files/OBJ/CanCan08_A 2026-02-04_12-13-30.obj,153,1405.3974054258529,76.3467336683417,1,1300.233824351032,1300.233824351032,103947.58220317823,103947.58220317823,532.8122294657098,255.82305976310045
/scratch/gsunka1/Pennington-mat/Pennington-MATLAB-Python/Python_Fall2025/model_files/OBJ/CanCan08_A 2026-02-04_12-13-30.obj,154,1414.4626950810712,76.83919597989949,1,1283.5289320051174,1283.5289320051174,101912.37128069275,101912.37128069275,528.0175409307112,251.25313692060064
/scratch/gsunka1/Pennington-mat/Pennington-MATLAB-Python/Python_Fall2025/model_files/OBJ/CanCan08_A 2026-02-04_12-13-30.obj,155,1423.52798473629,77.33165829145729,1,1267.5399736382533,1267.5399736382533,99532.6800871072,99532.6800871072,522.0732205793827,246.91160834865343
/scratch/gsunka1/Pennington-mat/Pennington-MATLAB-Python/Python_Fall2025/model_files/OBJ/CanCan08_A 2026-02-04_12-13-30.obj,156,1432.5932743915082,77.82412060301507,1,1249.4153894216572,1249.4153894216572,96427.30171336906,96427.30171336906,515.6103177654509,243.69026781347097
/scratch/gsunka1/Pennington-mat/Pennington-MATLAB-Python/Python_Fall2025/model_files/OBJ/CanCan08_A 2026-02-04_12-13-30.obj,157,1441.6585640467265,78.31658291457285,1,1228.5092891960935,1228.5092891960935,92803.02409351389,92803.02409351389,507.9625987050521,237.13985852232284
/scratch/gsunka1/Pennington-mat/Pennington-MATLAB-Python/Python_Fall2025/model_files/OBJ/CanCan08_A 2026-02-04_12-13-30.obj,158,1450.7238537019452,78.80904522613066,1,1205.8199202525564,1205.8199202525564,88642.17647398813,88642.17647398813,500.09104867478436,230.48128723807872
/scratch/gsunka1/Pennington-mat/Pennington-MATLAB-Python/Python_Fall2025/model_files/OBJ/CanCan08_A 2026-02-04_12-13-30.obj,159,1459.7891433571635,79.30150753768842,1,1181.0526447535517,1181.0526447535517,84328.42885342325,84328.42885342325,491.0263889294318,225.00404245728706
/scratch/gsunka1/Pennington-mat/Pennington-MATLAB-Python/Python_Fall2025/model_files/OBJ/CanCan08_A 2026-02-04_12-13-30.obj,160,1468.8544330123818,79.79396984924621,1,1151.5301670839551,1151.5301670839551,80132.55963589056,80132.55963589056,480.83012757834,217.19212522926463
/scratch/gsunka1/Pennington-mat/Pennington-MATLAB-Python/Python_Fall2025/model_files/OBJ/CanCan08_A 2026-02-04_12-13-30.obj,161,1477.9197226676006,80.28643216080403,1,1122.8733610619897,1122.8733610619897,75517.6958084903,75517.6958084903,470.2048493232546,211.20993057746605
/scratch/gsunka1/Pennington-mat/Pennington-MATLAB-Python/Python_Fall2025/model_files/OBJ/CanCan08_A 2026-02-04_12-13-30.obj,162,1486.9850123228189,80.7788944723618,1,1090.181900830663,1090.181900830663,70241.77273206643,70241.77273206643,457.77968426913924,201.39528507570785
/scratch/gsunka1/Pennington-mat/Pennington-MATLAB-Python/Python_Fall2025/model_files/OBJ/CanCan08_A 2026-02-04_12-13-30.obj,163,1496.0503019780372,81.27135678391959,1,1050.7724793510545,1050.7724793510545,64231.39709181558,64231.39709181558,441.10356336568987,188.54696519425045
/scratch/gsunka1/Pennington-mat/Pennington-MATLAB-Python/Python_Fall2025/model_files/OBJ/CanCan08_A 2026-02-04_12-13-30.obj,164,1505.1155916332555,81.76381909547737,1,1000.1033784827523,1000.1033784827523,57585.30688490238,57585.30688490238,421.98256556810486,178.00451414214461
/scratch/gsunka1/Pennington-mat/Pennington-MATLAB-Python/Python_Fall2025/model_files/OBJ/CanCan08_A 2026-02-04_12-13-30.obj,165,1514.1808812884742,82.25628140703517,1,939.5947119126041,939.5947119126041,51028.98700094945,51028.98700094945,393.55134005209175,174.04669879811365
/scratch/gsunka1/Pennington-mat/Pennington-MATLAB-Python/Python_Fall2025/model_files/OBJ/CanCan08_A 2026-02-04_12-13-30.obj,166,1523.2461709436925,82.74874371859296,1,880.5676131839107,880.5676131839107,45286.505429524506,45286.505429524506,366.8893696999753,173.49415740807868
/scratch/gsunka1/Pennington-mat/Pennington-MATLAB-Python/Python_Fall2025/model_files/OBJ/CanCan08_A 2026-02-04_12-13-30.obj,167,1532.3114605989108,83.24120603015075,1,831.220339037784,831.220339037784,40351.48125211168,40351.48125211168,348.16423081333147,169.49321681071768
/scratch/gsunka1/Pennington-mat/Pennington-MATLAB-Python/Python_Fall2025/model_files/OBJ/CanCan08_A 2026-02-04_12-13-30.obj,168,1541.3767502541295,83.73366834170855,1,777.6904349120538,777.6904349120538,35847.75238938736,35847.75238938736,320.9052800915996,165.10585649910666
/scratch/gsunka1/Pennington-mat/Pennington-MATLAB-Python/Python_Fall2025/model_files/OBJ/CanCan08_A 2026-02-04_12-13-30.obj,169,1550.4420399093478,84.22613065326632,1,724.2660735110818,724.2660735110818,31026.249586655344,31026.249586655344,291.3308309879138,165.44727525721598
/scratch/gsunka1/Pennington-mat/Pennington-MATLAB-Python/Python_Fall2025/model_files/OBJ/CanCan08_A 2026-02-04_12-13-30.obj,170,1559.5073295645661,84.7185929648241,1,662.6260067274297,662.6260067274297,26127.03668205445,26127.03668205445,258.84091111117624,161.64812167937936
/scratch/gsunka1/Pennington-mat/Pennington-MATLAB-Python/Python_Fall2025/model_files/OBJ/CanCan08_A 2026-02-04_12-13-30.obj,171,1568.5726192197849,85.21105527638191,1,595.836878903342,595.836878903342,21737.91636744897,21737.91636744897,221.34767524682314,160.58894198207497
/scratch/gsunka1/Pennington-mat/Pennington-MATLAB-Python/Python_Fall2025/model_files/OBJ/CanCan08_A 2026-02-04_12-13-30.obj,172,1577.6379088750032,85.70351758793969,1,529.7291107542216,529.7291107542216,18316.91516585024,18316.91516585024,176.72062882019455,166.63920235997756
/scratch/gsunka1/Pennington-mat/Pennington-MATLAB-Python/Python_Fall2025/model_files/OBJ/CanCan08_A 2026-02-04_12-13-30.obj,173,1586.7031985302215,86.19597989949747,1,513.2061001534706,513.2061001534706,16504.88018981248,16504.88018981248,138.820186785411,184.0928487590307
/scratch/gsunka1/Pennington-mat/Pennington-MATLAB-Python/Python_Fall2025/model_files/OBJ/CanCan08_A 2026-02-04_12-13-30.obj,174,1595.7684881854398,86.68844221105526,1,510.56440735078064,510.56440735078064,16733.914965443633,16733.914965443633,126.26031414869979,190.35876720404008
/scratch/gsunka1/Pennington-mat/Pennington-MATLAB-Python/Python_Fall2025/model_files/OBJ/CanCan08_A 2026-02-04_12-13-30.obj,175,1604.8337778406585,87.18090452261306,1,502.52148377038424,502.52148377038424,17223.523818275426,17223.523818275426,125.5071998956283,189.74840771775092
/scratch/gsunka1/Pennington-mat/Pennington-MATLAB-Python/Python_Fall2025/model_files/OBJ/CanCan08_A 2026-02-04_12-13-30.obj,176,1613.8990674958768,87.67336683417085,1,498.23420653690835,498.23420653690835,17709.034413083355,17709.034413083355,125.98129719499349,188.2032511523504
/scratch/gsunka1/Pennington-mat/Pennington-MATLAB-Python/Python_Fall2025/model_files/OBJ/CanCan08_A 2026-02-04_12-13-30.obj,177,1622.964357151095,88.16582914572864,1,503.78596192567625,503.78596192567625,18342.322578160543,18342.322578160543,126.37262242014455,188.16002709608983
/scratch/gsunka1/Pennington-mat/Pennington-MATLAB-Python/Python_Fall2025/model_files/OBJ/CanCan08_A 2026-02-04_12-13-30.obj,178,1632.0296468063138,88.65829145728644,1,510.9998101166533,510.9998101166533,19045.80117221674,19045.80117221674,131.20514921761057,188.84222325877533
/scratch/gsunka1/Pennington-mat/Pennington-MATLAB-Python/Python_Fall2025/model_files/OBJ/CanCan08_A 2026-02-04_12-13-30.obj,179,1641.0949364615321,89.15075376884421,1,518.2995603199171,518.2995603199171,19810.67089634591,19810.67089634591,136.9419483906767,189.06228542440877
/scratch/gsunka1/Pennington-mat/Pennington-MATLAB-Python/Python_Fall2025/model_files/OBJ/CanCan08_A 2026-02-04_12-13-30.obj,180,1650.1602261167504,89.643216080402,1,524.3009102771422,524.3009102771422,20457.57993921905,20457.57993921905,140.10382742825445,190.96585739251643
/scratch/gsunka1/Pennington-mat/Pennington-MATLAB-Python/Python_Fall2025/model_files/OBJ/CanCan08_A 2026-02-04_12-13-30.obj,181,1659.2255157719687,90.13567839195977,1,536.4695091927194,536.4695091927194,21180.921152774394,21180.921152774394,142.1607146416991,198.97263555626978
/scratch/gsunka1/Pennington-mat/Pennington-MATLAB-Python/Python_Fall2025/model_files/OBJ/CanCan08_A 2026-02-04_12-13-30.obj,182,1668.2908054271875,90.62814070351759,1,570.8803655826013,570.8803655826013,22565.94623282811,22565.94623282811,157.536444071573,206.93711961358213
/scratch/gsunka1/Pennington-mat/Pennington-MATLAB-Python/Python_Fall2025/model_files/OBJ/CanCan08_A 2026-02-04_12-13-30.obj,183,1677.3560950824058,91.12060301507536,1,597.6272518517261,597.6272518517261,23701.68894452847,23701.68894452847,164.8877848644819,213.62807714163057
/scratch/gsunka1/Pennington-mat/Pennington-MATLAB-Python/Python_Fall2025/model_files/OBJ/CanCan08_A 2026-02-04_12-13-30.obj,184,1686.421384737624,91.61306532663315,1,616.93076072987,616.93076072987,24533.213397417494,24533.213397417494,175.39758836597184,213.58267174507262
/scratch/gsunka1/Pennington-mat/Pennington-MATLAB-Python/Python_Fall2025/model_files/OBJ/CanCan08_A 2026-02-04_12-13-30.obj,185,1695.4866743928428,92.10552763819095,1,615.9843599049156,615.9843599049156,25348.461452841533,25348.461452841533,178.01711490561362,212.52717426519644
/scratch/gsunka1/Pennington-mat/Pennington-MATLAB-Python/Python_Fall2025/model_files/OBJ/CanCan08_A 2026-02-04_12-13-30.obj,186,1704.551964048061,92.59798994974874,1,612.8819735773202,612.8819735773202,26305.42492031723,26305.42492031723,180.6366414452553,211.27338669278384
/scratch/gsunka1/Pennington-mat/Pennington-MATLAB-Python/Python_Fall2025/model_files/OBJ/CanCan08_A 2026-02-04_12-13-30.obj,187,1713.6172537032794,93.09045226130652,1,611.7539170660693,611.7539170660693,27196.459192255985,27196.459192255985,180.2925066696177,209.9666899439527
/scratch/gsunka1/Pennington-mat/Pennington-MATLAB-Python/Python_Fall2025/model_files/OBJ/CanCan08_A 2026-02-04_12-13-30.obj,188,1722.6825433584982,93.58291457286433,1,614.3880322338617,614.3880322338617,28178.10625413185,28178.10625413185,175.32655677335782,215.0698987410061
/scratch/gsunka1/Pennington-mat/Pennington-MATLAB-Python/Python_Fall2025/model_files/OBJ/CanCan08_A 2026-02-04_12-13-30.obj,189,1731.7478330137164,94.0753768844221,1,619.4767791978,619.4767791978,29338.85163086075,29338.85163086075,170.86338138510158,218.77211405886885
/scratch/gsunka1/Pennington-mat/Pennington-MATLAB-Python/Python_Fall2025/model_files/OBJ/CanCan08_A 2026-02-04_12-13-30.obj,190,1740.8131226689347,94.56783919597989,1,623.6142204236328,623.6142204236328,29794.80308821141,29794.80308821141,173.05141128108238,219.40700443912704
/scratch/gsunka1/Pennington-mat/Pennington-MATLAB-Python/Python_Fall2025/model_files/OBJ/CanCan08_A 2026-02-04_12-13-30.obj,191,1749.878412324153,95.06030150753766,1,618.9667933723812,618.9667933723812,29502.06204272013,29502.06204272013,175.1256098256455,215.55700064487775
/scratch/gsunka1/Pennington-mat/Pennington-MATLAB-Python/Python_Fall2025/model_files/OBJ/CanCan08_A 2026-02-04_12-13-30.obj,192,1758.9437019793718,95.55276381909547,1,608.7510761621826,608.7510761621826,28661.438684313493,28661.438684313493,172.54839076564207,211.66459095558199
/scratch/gsunka1/Pennington-mat/Pennington-MATLAB-Python/Python_Fall2025/model_files/OBJ/CanCan08_A 2026-02-04_12-13-30.obj,193,1768.00899163459,96.04522613065326,1,596.839860971578,596.839860971578,27519.274860452402,27519.274860452402,169.01200613761048,208.29166422597189
/scratch/gsunka1/Pennington-mat/Pennington-MATLAB-Python/Python_Fall2025/model_files/OBJ/CanCan08_A 2026-02-04_12-13-30.obj,194,1777.0742812898084,96.53768844221104,1,581.6095746351459,581.6095746351459,26016.54571879306,26016.54571879306,165.4184734348914,203.4414174235714
/scratch/gsunka1/Pennington-mat/Pennington-MATLAB-Python/Python_Fall2025/model_files/OBJ/CanCan08_A 2026-02-04_12-13-30.obj,195,1786.1395709450271,97.03015075376885,1,558.5464184672272,558.5464184672272,23780.78658087341,23780.78658087341,160.0924629592088,194.07956923220294
/scratch/gsunka1/Pennington-mat/Pennington-MATLAB-Python/Python_Fall2025/model_files/OBJ/CanCan08_A 2026-02-04_12-13-30.obj,196,1795.2048606002454,97.52261306532662,1,523.0710673220756,523.0710673220756,20870.846460668963,20870.846460668963,149.1825172255738,182.0224174735657
/scratch/gsunka1/Pennington-mat/Pennington-MATLAB-Python/Python_Fall2025/model_files/OBJ/CanCan08_A 2026-02-04_12-13-30.obj,197,1804.2701502554637,98.0150753768844,1,482.1977250850141,482.1977250850141,17578.14665535377,17578.14665535377,135.73089087564722,166.9288638636752
/scratch/gsunka1/Pennington-mat/Pennington-MATLAB-Python/Python_Fall2025/model_files/OBJ/CanCan08_A 2026-02-04_12-13-30.obj,198,1813.3354399106825,98.5075376884422,1,432.08375761998354,432.08375761998354,13726.770574198892,13726.770574198892,120.25320976294543,148.5437029184167
/scratch/gsunka1/Pennington-mat/Pennington-MATLAB-Python/Python_Fall2025/model_files/OBJ/CanCan08_A 2026-02-04_12-13-30.obj,199,1822.4007295659007,98.99999999999999,1,370.5561395928344,370.5561395928344,9691.69609085661,9691.69609085661,106.57525040880796,128.66586138591038
