SubjectID,TestDate,DOB,Gender,Ethnicity,Height1CM,Height2CM,Height3CM,HeightCMAvg,HeightINAvg,Weight1KG,Weight2KG,Weight3KG,WeightKGAvg,WeightLBSAvg,BMI,CuffSize,SBP1,DBP1,SBP2,DBP2,SBP3,DBP3,SBPAvg,DBPAvg,RestingHR60,Glucose,Waist1,Waist2,Waist3,Waist4,Waist5,Hip1,Hip2,Hip3,Hip4,Hip5,WaistHipRatio,ArmR1,ArmR2,ArmR3,ArmR4,ArmR5,ArmL1,ArmL2,ArmL3,Bicep_side,Bicep_length,ThighR1,ThighR2,ThighR3,ThighR4,ThighR5,ThighL1,ThighL2,ThighL3,Thigh_side,Thigh_length,Operator_Inital,Demo_comments
01ADL0001,14-Oct-16,28-Oct-92,M,White,180.1,180,180.3,180.1,,90.35,,,,,,,,,,,,,,,,,97.5,98.4,98.3,,,103.3,101.7,102.6,,,,32.8,32.8,82.3,,,,,,Right,18.5,55.1,55,55.2,,,,,,Right,22.6,EL,
01ADL0002,17-Oct-16,9-May-75,F,Asian,165.9,166,165.8,165.9,,74.15,,,,,,,,,,,,,,,,,91.4,92.3,92.6,,,106,105.5,105.2,,,,29.8,29.8,29.8,,,,,,Right,17.5,53.7,54.2,54.5,,,,,,Right,19.75,EL,
01ADL0003,31-Oct-16,28-Apr-91,F,Asian,162.2,161.8,161.2,161.7,,59.45,,,,,,,,,,,,,,,,,82,83,82.8,,,92,91.5,91.5,,,,27.8,27.8,27.8,,,,,,Right,16,48.4,48.8,49.4,,,,,,Right,20,ES,
01ADL0004,14-Nov-16,7-Sep-65,M,Asian,174.5,174.5,174.7,174.6,,82.05,,,,,,,,,,,,,,,,,90.5,90.5,90.4,,,99.6,100,98.9,,,,36.4,36.5,34.8,35.2,35.2,,,,Right,18.5,52.5,52.3,52.5,,,,,,Right,22.5,EL,
01ADL0005,14-Nov-16,22-Aug-62,M,White,188.3,188.3,188.1,188.23,,99.35,,,,,,,,,,,,,,,,,105.5,106,106,,,105,104.8,105,,,,37.9,37.9,37.9,,,,,,Right,24,54.5,54.4,54.6,,,,,,Right,24,ES,
01ADL0006,12-Dec-16,11-Apr-80,M,Asian,180.1,179.8,179.7,179.86,,88.3,,,,,,,,,,,,,,,,,88.9,88.8,89,,,104.9,104.3,104.5,,,,33,32.8,32.9,,,,,,Right,19.5,56.3,56,56.4,,,,,,Right,24.5,ES,
01ADL0007,14-Dec-16,27-Mar-84,F,Hispanic,164.8,164.8,164.9,164.8,,58.9,,,,,,,,,,,,,,,,,82.2,81.8,82.5,,,92.6,92.6,92,,,,27.5,27.5,27.6,,,,,,Right,16.5,47.4,48.1,48,,,,,,Right,22.5,EL,
01ADL0008,13-Feb-17,8-Feb-85,F,White,156.3,156.5,156.3,156.4,,60.3,,,,,,,,,,,,,,,,,80.6,81.5,81.4,,,98,98.5,98.4,,,,31.6,31.3,31.6,,,,,,right,32,51.4,51.5,51.6,,,,,,Right,39.5,ES,First Fit3D scan had weight at 133kg
01ADL0009,15-Dec-16,17-Jun-79,M,Asian,189.8,189.8,189.5,189.7,,78.75,,,,,,,,,,,,,,,,,85.9,85.5,85.9,,,97.1,97.4,97,,,,32,32,32.1,,,,,,Right,19,50.7,51,51,,,,,,Right,26.25,ES,
01ADL0010,6-Jan-17,10-Jul-69,F,White,172,172.3,171.6,172,,66.75,,,,,,,,,,,,,,,,,84.2,84.4,84.4,,,99.5,99.4,100,,,,28.5,28.3,28.5,,,,,,Right,36,51.1,51.4,51,,,,,,Right,43,ES,
01ADL0011,10-Jan-17,15-Apr-72,F,Asian,157.2,157.2,157.2,157.2,,66.5,,,,,,,,,,,,,,,,,88.8,88.5,88.5,,,102.6,102.7,103,,,,31,31.1,31.2,,,,,,Right,33,55.9,55.4,56.5,55.8,,,,,Right,41,ES,wearing padded sports bra
01ADL0012,23-Jan-17,18-May-62,F,White,172,172.2,172.4,172.2,,70.5,,,,,,,,,,,,,,,,,90.4,90.8,91.4,,,102,102,102,,,,28.8,28.8,29,,,,,,Right,36,48.2,47.8,48,,,,,,Right,42,,
01ADL0013,14-Dec-16,7-Dec-82,M,White,179.7,179.8,179.8,179.8,,68.2,,,,,,,,,,,,,,,,,80.3,79.8,80,,,92.5,92.5,92.7,,,,31.2,31.2,31,,,,,,Right,16.75,47.7,47.5,47.7,,,,,,Right,22.75,ES,
01ADL0014,13-Feb-17,2-Aug-67,M,White,164.5,164.3,164.1,164.3,,69.05,,,,,,,,,,,,,,,,,92.5,92.6,93.3,,,93.5,93,93.6,,,,30.6,30.4,30.3,,,,,,Right,34.5,47.3,47.7,47.7,,,,,,Right,40,EL,
01ADL0015,15-Dec-16,25-Oct-63,F,White,159.4,159.4,159.4,159.4,,134.85,,,,,,,,,,,,,,,,,142.5,143.5,143.6,,,154.3,153.9,154.9,,,,46.7,46.5,46.3,,,,,,Right,34.3,60.3,60.7,59.9,,,,,,Right,34.9,EL,
01ADL0016,24-Jan-17,7-Jun-93,M,Asian,171.5,171.5,171.3,171.5,,73.55,,,,,,,,,,,,,,,,,85.2,85.7,85.5,,,99,99.5,99.2,,,,33.2,33.2,33,,,,,,Right,36,55,45.5,45.6,,,,,,Right,42,ES,
01ADL0017,25-Jan-17,20-Jan-80,F,Hispanic,164.5,164.9,164.9,164.8,,61.9,,,,,,,,,,,,,,,,,79.2,79.1,79.2,,,93.5,92.8,93,,,,27.8,27.9,27.7,,,,,,Right,35,46.8,45.7,45.5,,,,,,Right,39.5,,
01ADL0018,12-Jan-17,1-Oct-58,F,White,180.9,181.1,180.5,180.8,,63.4,,,,,,,,,,,,,,,,,81.5,80.5,81.4,,,97.7,97.5,97.6,,,,26,26,25.9,,,,,,Right,36.8,44.2,44.4,44.5,,,,,,Right,42.2,ES,
01ADL0019,2-Feb-17,12-Aug-66,F,White,168.7,168.5,168.6,168.6,,77.5,,,,,,,,,,,,,,,,,98.1,99.5,98.4,,,107.4,107.2,106,107.7,105.9,,32.6,32.5,32.6,,,,,,right,37,54.3,54.3,54.1,,,,,,Right,43,EL,
01ADL0020,30-Jan-17,17-May-81,F,Asian,153.8,153.7,153.7,153.7,,44.5,,,,,,,,,,,,,,,,,74.7,74.6,74.7,,,82.5,82.4,82.5,,,,24.7,24.7,24.7,,,,,,Right,34,39.4,39.8,39.8,,,,,,Right,37.5,,
01ADL0021,3-Feb-17,4-Apr-91,M,Asian,168.1,168.2,168.3,168.2,,61.9,,,,,,,,,,,,,,,,,82.6,83.2,83.5,,,92.2,92.5,91.6,,,,31,31.3,31.1,,,,,,Right,36,46.6,46.3,46,,,,,,Right,45,ES,
01ADL0022,13-Jan-17,14-Sep-93,F,Asian,157.8,157.9,158.3,158,,51.4,,,,,,,,,,,,,,,,,74.4,73.8,74.6,,,86.4,85.8,85.9,,,,24.3,24,23.6,,,,,,Right,31.5,44.6,45.4,45.2,,,,,,Right,38.5,ES,
01ADL0023,13-Jan-17,1-Aug-88,F,White,163.6,163.9,163.7,163.7,,61.05,,,,,,,,,,,,,,,,,82.8,82.5,83.4,,,112,112.5,113,,,,27.5,27.5,27.6,,,,,,Right,36.3,49.2,49.8,49.5,,,,,,Right,36.5,EL,
01ADL0024,3-Feb-17,9-Oct-89,F,Asian,160.4,160.3,160.4,160.4,,62,,,,,,,,,,,,,,,,,82.2,83.5,82.8,,,97.2,97.5,98,,,,28.2,28.5,28.3,,,,,,Right,35,47.2,47.3,47.3,,,,,,Right,40,EL,
01ADL0025,15-Feb-17,4-Oct-76,F,White,166.6,166.6,166.7,166.6,,72.05,,,,,,,,,,,,,,,,,100,100,100.5,,,100.3,100,100.3,,,,30,30.4,30.3,,,,,,Right,36,50,50.2,50,,,,,,Right,42,EL,
01ADL0026,19-Jan-17,19-May-80,M,Black,173.8,173.8,173.9,173.83,,100.5,,,,,,,,,,,,,,,,,106.5,106.5,107.3,,,116.2,116,116.9,,,,39.2,39.4,39.3,,,,,,Right,40,62.7,63.4,62.9,,,,,,Right,43.8,ES,
01ADL0027,19-Jan-17,3-Jan-79,M,White,186.9,186.8,186.9,186.9,,103.75,,,,,,,,,,,,,,,,,99.9,100.2,100.4,,,110.4,110,109.8,,,,35.9,35.9,35.5,,,,,,Right,38.5,61.3,61,61,,,,,,Right,52,ES,Feet dorsiflexed and taped into position for DXA
01ADL0028,1-Feb-17,4-Nov-78,M,White,174.2,174.3,174.5,174.3,,77.25,,,,,,,,,,,,,,,,,85.7,85.5,84.9,,,100.5,100.6,100.5,,,,34.1,34.1,34,,,,,,Right,39,53.4,53.5,53.5,,,,,,Right,44.5,EL,
01ADL0029,26-Jan-17,24-May-83,F,White,160.8,160.9,161.1,160.9,,53.2,,,,,,,,,,,,,,,,,74,74,73.9,,,93.5,93.5,93.7,,,,25.1,25,25,,,,,,Right,35,42.9,42.9,43,,,,,,Right,38.5,ES,
01ADL0030,27-Jan-17,6-Jul-75,M,White,181.9,181.9,181.9,181.9,,80.5,,,,,,,,,,,,,,,,,90.8,90.6,91,,,97.2,97.7,97.5,,,,33.1,33.2,33.1,,,,,,Right,37,50.7,50.5,50.7,,,,,,Right,47,ES,feet taped into dorsi flexion
01ADL0031,26-Jan-17,23-Sep-57,F,Asian,162,162,162,162,,66.2,,,,,,,,,,,,,,,,,86.7,86.2,85.9,,,104.5,103.5,103.5,,,,32.9,32.8,32.8,,,,,,Right,32.5,53.5,53.3,53.4,,,,,,Right,42,ES,
01ADL0032,27-Jan-17,13-Jul-91,M,Asian,172.7,172.5,172.5,172.56,,66.7,,,,,,,,,,,,,,,,,72.9,72.5,72.5,,,90.3,90.5,90.3,,,,32,32,31.9,,,,,,Right,39,50,50.2,49.8,,,,,,Right,46,EL,
01ADL0033,21-Feb-17,20-Dec-90,F,Hispanic,156.1,156,156.1,156.1,,90.05,,,,,,,,,,,,,,,,,118,118,117.2,,,122,121.4,121.5,,,,36.2,36.3,36.2,,,,,,Right,35,55,55.2,55,,,,,,Right,38,EL,
01ADL0034,31-Jan-17,22-Jan-58,F,Asian,161,161.3,161.3,161.2,,58.2,,,,,,,,,,,,,,,,,77,79.5,78,78.7,,89.7,89.7,89.6,,,,28,28.5,28.5,,,,,,Right,35,45.4,45.5,45.5,,,,,,Right,38,EL,
01ADL0035,13-Jan-17,2-Sep-97,M,White,186,185.9,186,185.9,,97.3,,,,,,,,,,,,,,,,,94.6,94,94.2,,,106.1,108,107.5,107.6,,,36.4,36.3,36,,,,,,Right,41,59,59,59.6,,,,,,Right,50,ES,toes taped into dorsiflexion
01ADL0036,30-Jan-17,3-Jun-69,F,White,164.1,164.4,164.9,164.5,,112.95,,,,,,,,,,,,,,,,,111.8,111.5,112,,,129.2,128.8,128.8,,,,40,40.2,40.5,,,,,,Right,37,70.1,69.6,70,,,,,,Right,40,EL,
01ADL0037,24-Jan-17,21-Jul-82,F,Black,156.7,156.7,156.9,156.7,,90.7,,,,,,,,,,,,,,,,,106.2,106.5,107.1,,,118,118.4,118.5,,,,35.8,36.4,36.5,,,,,,Right,36,63.8,63.7,63.9,,,,,,Right,40.5,EL,
01ADL0038,8-Feb-17,23-Aug-73,F,Hispanic,156.1,155.9,156,156,,64.35,,,,,,,,,,,,,,,,,86.6,86.5,86.6,,,98.5,99,98.7,,,,31.4,31,30.9,,,,,,Right,33,50.5,51,51,,,,,,Right,44,ES,Entered height as 160.0 cm on DXA and Fit3D
01ADL0039,2-Feb-17,4-Apr-81,M,Asian,177.1,176.9,177,177,,78.25,,,,,,,,,,,,,,,,,81.9,82.1,82.1,,,91.5,91.7,92.1,,,,33.5,33.3,33.3,,,,,,Right,39,51.5,52.3,51.6,,,,,,Right,43,ES,
01ADL0040,1-Feb-17,31-Jan-67,M,White,182.8,182.9,182.8,182.8,,101.05,,,,,,,,,,,,,,,,,105,105,104.2,,,105.9,105.8,105.9,,,,39,38.9,38.7,,,,,,Right,39,60.2,60.5,60.4,,,,,,Right,47,EL,toes taped in dorsiflexion for DXA
01ADL0041,7-Feb-17,11-May-79,F,Asian,151.4,151.6,151.4,151.5,,80.6,,,,,,,,,,,,,,,,,100,99.7,99,,,122.5,122.4,123.8,,,,36,35.5,35.7,,,,,,Right,34,112.5,112.4,113,,,,,,Right,37,EL,
01ADL0042,14-Feb-17,9-Mar-58,F,Asian,159.5,159.8,159.4,159.56,,54.6,,,,,,,,,,,,,,,,,84.2,86.6,86,86.2,,87.5,87.4,87,,,,27,27.4,27.3,,,,,,Right,34,42.2,42.4,42.5,,,,,,Right,37,EL,
01ADL0043,9-Feb-17,31-Jul-90,M,White,180.7,180.3,180.4,180.5,,96.15,,,,,,,,,,,,,,,,,101.1,101.2,101,,,105.6,105.8,105.9,,,,36,35.9,35.9,,,,,,Right,38,59.3,59,59,,,,,,Right,47,EL,DXA: Feet taped into dorsiflexion
01ADL0044,9-Feb-17,8-Jun-89,F,Hispanic,154.3,154.5,154.4,154.4,,54.7,,,,,,,,,,,,,,,,,71.4,71,71,,,94.8,92.8,92.8,92.4,,,27.9,27.8,27.5,,,,,,Right,30,51,51.6,51.2,,,,,,Right,41,ES,having internet connection issues with Fit3D got possibly 1 scan
01ADL0045,6-Feb-17,1-Nov-88,F,White,180.3,180.5,180.6,180.5,,66.7,,,,,,,,,,,,,,,,,82.2,80.5,80.4,80.4,,100,99.8,100.2,,,,27.8,27.7,27.8,,,,,,Right,37,49,49.4,49,,,,,,Right,45,ES,has toe ring on right side
01ADL0046,13-Feb-17,16-Apr-70,F,White,161.2,161.3,161.2,161.2,,54.85,,,,,,,,,,,,,,,,,73.4,73.5,73.6,,,88.7,88.6,88.7,,,,25.3,25.7,25.4,,,,,,Right,35,44.4,44.1,44.6,,,,,,Right,42,EL,Short hair- wasn’t able to tie all hair up
01ADL0047,15-Feb-17,2-Feb-84,M,Asian,165.7,165.5,165.5,165.6,,79.6,,,,,,,,,,,,,,,,,91,90.6,90.8,,,98.4,98.5,99,,,,38.2,38.2,38.2,,,,,,Right,35,57,57.2,57.2,,,,,,Right,46,EL,
01ADL0048,16-Feb-17,8-May-92,M,Asian,174.7,174.7,174.6,174.7,,74.5,,,,,,,,,,,,,,,,,89.3,89.4,89.5,,,96.1,96,96,,,,29.5,29.4,29.5,,,,,,Right,38,52.8,53,52.5,,,,,,Right,42,EL,
01ADL0049,24-Feb-17,6-Jan-92,M,White,172.7,172.7,172.8,172.73,,70.2,,,,,,,,,,,,,,,,,77.2,77,77.2,,,94.2,95,95,,,,32.5,33,33,,,,,,Right,37,52,52,52.5,,,,,,Right,48,EL,
01ADL0050,16-Feb-17,18-Jul-56,F,Hispanic,163.1,163.1,163.1,163.1,,78.55,,,,,,,,,,,,,,,,,92.7,92.5,92.3,,,106.5,106,106,,,,30.4,30.6,30.9,,,,,,Right,37,52.7,52.8,52.7,,,,,,Right,44,EL,
01ADL0051,24-Feb-17,22-Aug-86,M,White,183.4,183.8,183.8,183.7,,76.75,,,,,,,,,,,,,,,,,81,81.2,81.4,,,94.9,95.2,95,,,,31.9,31.5,31.5,,,,,,Right,32,52.3,52,52,,,,,,Right,47,EL,
01ADL0052,5-Apr-17,23-May-82,F,Asian,157,157.2,157.3,157.2,,62.25,,,,,,,,,,,,,,,,,80.5,80.5,80.5,,,101,101.2,101.5,,,,29.5,29.5,29.5,,,,,,Right,33,54,54,54,,,,,,Right,40,,
01ADL0053,10-Feb-17,21-Mar-90,F,Asian,160.5,160.7,160.9,160.7,,70.3,,,,,,,,,,,,,,,,,90.5,91.4,91.6,91.4,,107.5,106.5,106,106.9,,,31,31.1,31.1,,,,,,Right,30.5,58.4,58.9,59.9,58.7,,,,,Right,43,,
01ADL0054,10-Mar-17,31-Oct-78,M,White,171.6,171.1,171.5,171.4,,82.01,,,,,,,,,,,,,,,,,96.6,96.8,96.8,,,106,106,105.8,,,,25.4,25.3,25.2,,,,,,Right,40,54.2,54.2,54.2,,,,,,Right,50,EL,
01ADL0055,1-Mar-17,13-Aug-46,F,White,159.3,159.1,159.1,159.2,,56.65,,,,,,,,,,,,,,,,,80.8,80.5,80.2,,,93.4,93.2,93.5,,,,24.5,24.3,24.2,,,,,,Right,34,45.2,46.1,45.8,,,,,,Right,41,EL,
01ADL0056,16-Mar-17,23-Mar-75,M,White,176.6,176.9,176.9,176.8,,111.9,,,,,,,,,,,,,,,,,119.8,119.2,119,,,113.9,113.8,113.8,,,,39.2,39.4,39,,,,,,Right,40,62.7,62.8,62.9,,,,,,Right,44,EL,Biodex not completed because of hernia
01ADL0057,6-Mar-17,1-Sep-66,M,White,174.2,174.4,174.6,174.4,,102.8,,,,,,,,,,,,,,,,,116,116.8,116.8,,,110.2,110.5,110.7,,,,35.9,35.7,35.6,,,,,,Right,38,58.6,59.6,59.6,,,,,,Right,48,EL,
01ADL0058,25-Apr-17,28-Nov-56,M,White,165.7,166.1,166,165.9,,70.6,,,,,,,,,,,,,,,,,99.3,99,99.6,98.5,,95,94.5,94.8,,,,32,32,32.1,,,,,,Right,35.5,48.6,48.7,48.8,,,,,,Right,39.6,,
01ADL0059,15-Mar-17,18-Jul-61,M,White,177.6,177.4,177.4,177.5,,95.45,,,,,,,,,,,,,,,,,100.9,101,100.3,,,105.5,105.6,105.6,,,,38.3,37.8,38.3,,,,,,Right,40,56.4,56.6,56.3,,,,,,Right,50,EL,
01ADL0060,9-Mar-17,27-Sep-66,M,White,182.6,182.6,182.6,182.6,,94.55,,,,,,,,,,,,,,,,,99,99.5,99,,,103.5,103,103,,,,35.7,35.9,35.7,,,,,,Right,42,56.4,56.5,56.8,,,,,,Right,25.5,EL,DXA: Feet taped in dorsiflexion
01ADL0061,12-Apr-17,22-Mar-76,M,Hispanic,179,179.4,179.3,179.2,,107.95,,,,,,,,,,,,,,,,,106,105.8,105.8,,,113,112.8,112.5,,,,41.5,41.5,41.5,,,,,,Right,39,65,64.2,64.2,,,,,,,,EL,DXA-hemi scan
01ADL0062,23-Mar-17,12-Sep-80,M,Asian,169.7,169.4,169.4,169.5,,56.75,,,,,,,,,,,,,,,,,74.5,75,75,,,85.5,85.5,85.5,,,,28.5,28.6,28.7,,,,,,Right,38,46.3,46.5,46.4,,,,,,Right,,EL,
01ADL0063,17-Mar-17,13-Jun-94,M,Asian,168.5,168.4,168.3,168.4,,59.2,,,,,,,,,,,,,,,,,71.2,71.1,71.1,,,86.6,86.7,86.7,,,,26.7,26.7,26.7,,,,,,Right,34,49.6,49.8,49.9,,,,,,Right,44,EL,
01ADL0064,27-Mar-17,2-Jul-82,F,Asian,157.7,158.1,158,157.93,,55.95,,,,,,,,,,,,,,,,,73.2,73.7,73.9,,,93.2,93.7,93.5,,,,27.4,27.6,27.6,,,,,,Right,32,50.4,50.3,50.4,,,,,,Right,40,EL,
01ADL0065,30-Mar-17,18-Feb-63,M,White,179.7,180,180.3,180,,74.8,,,,,,,,,,,,,,,,,93.8,93.8,93.8,,,99.8,99.8,99.8,,,,29.8,29.8,30,,,,,,Right,41,47.4,47.4,47,,,,,,Right,49,EL,
01ADL0066,21-Mar-17,27-Aug-43,M,White,179.6,179.4,179.6,179.5,,78,,,,,,,,,,,,,,,,,97.9,98,97.9,,,99,99,98.9,,,,30.2,30,30.1,,,,,,Right,41,51.5,51.6,51.7,,,,,,Right,48,EL,
01ADL0067,28-Mar-17,8-Aug-55,M,White,172.7,173.2,173.2,173.03,,94,,,,,,,,,,,,,,,,,107.4,107.6,107.4,,,105.6,105.4,105.5,,,,35.6,35.1,35.6,,,,,,Right,38,52.4,52.5,52,,,,,,Right,40,EL,
01ADL0068,29-Mar-17,6-Dec-91,F,Asian,161.4,161.5,161.3,161.4,,56.5,,,,,,,,,,,,,,,,,75,75,75,,,91.2,91.5,91.1,,,,27,27,27,,,,,,Right,34,47,46.8,46.8,,,,,,Right,41,EL,
01ADL0069,4-Apr-17,24-Oct-68,M,Black,174.8,174.7,174.6,174.6,,56.05,,,,,,,,,,,,,,,,,,,,,,,,,,,,,,,,,,,,,,,,,,,,,,,,EL,Did not do anthros- ppt had severe body odoar
01ADL0070,8-Aug-17,6-Jan-51,F,Hispanic,152.1,152.4,152.4,152.3,,68.58,,,,,,,138,79,,,,,,,,,97,96.9,97.3,,,106,105.7,106,,,,33.6,33.7,33.6,,,,,,R,34,51,50.4,51.1,,,,,,R,36,EL,
01ADL0071,5-Apr-17,28-Sep-53,F,White,161.7,161.8,162.5,161.6,,101.7,,,,,,,,,,,,,,,,,106.2,106.2,106.5,,,106.2,105.8,105.8,,,,27.5,27.2,27.2,,,,,,Right,38,68.2,68.2,68.4,,,,,,Right,40,,
01ADL0072,6-Apr-17,8-Sep-64,F,White,172.2,172.4,172.4,172.3,,73.55,,,,,,,,,,,,,,,,,95.5,96,95.8,,,104,104,104,,,,,,,,,,,,Right,36,52.5,52.5,52.5,,,,,,Right,41,EL,No Biodex printout - no ink
01ADL0073,7-Apr-17,7-Nov-54,F,White,172.3,172.3,172.4,172.3,,55.4,,,,,,,,,,,,,,,,,80,80,80,,,89.5,89.5,90,,,,24,23.8,,,,,,,Right,24,41.5,41.5,42,,,,,,Right,40,EL,
01ADL0074,27-Mar-17,30-Oct-68,F,Black,173.2,173.1,173,173.1,,98.5,,,,,,,,,,,,,,,,,107.7,107.3,107.5,,,123,123.4,123.4,,,,37.7,37.7,37.5,,,,,,Right,40,65.2,66.5,66,,,,,,Right,47,EL,
01ADL0075,21-Mar-17,28-Aug-52,F,White,148.8,148.9,148.9,148.9,,62.3,,,,,,,,,,,,,,,,,94,94.6,94.5,,,102.9,102.7,103,,,,32.8,32.7,32.5,,,,,,Right,34,50.8,50.9,51,,,,,,Right,37,EL,
01ADL0076,6-Apr-17,17-Jan-86,F,White,177.6,177.6,177.7,177.6,,83.4,,,,,,,,,,,,,,,,,96.4,96.4,96.4,,,106.5,106.3,106.5,,,,33,33,33,,,,,,Right,38,56.4,56.3,56.4,,,,,,,,EL,No Biodex printout
01ADL0077,7-Apr-17,30-Nov-56,M,White,177.1,177.3,177.4,177.3,,62,,,,,,,,,,,,,,,,,76.5,76.5,76.5,,,89,88.8,88.7,,,,27.5,27.5,27.5,,,,,,Right,38,47,47.5,47.8,,,,,,Right,42,EL,
01ADL0078,3-Apr-17,18-Jun-50,F,Asian,155.9,155.9,155.6,155.8,,51.75,,,,,,,,,,,,,,,,,74.2,74.4,74.2,,,91,91,91.3,,,,25.2,25,25,,,,,,Right,34,41.4,41.8,41.5,,,,,,Right,39,,
01ADL0079,3-Apr-17,27-Sep-67,F,Asian,163.1,163,163,163,,63.45,,,,,,,,,,,,,,,,,82.2,82.2,82.1,,,94.5,94.5,94,,,,28.2,28.5,28.2,,,,,,Right,34,47.9,47.9,48,,,,,,Right,38,EL,
01ADL0080,12-Apr-17,8-Sep-69,M,Asian,184.4,184.4,184.6,184.5,,85.8,,,,,,,,,,,,,,,,,89.6,89.5,89.7,,,97.2,97.2,97,,,,32.5,32.6,32.6,,,,,,Right,39,52.8,52.6,52.7,,,,,,Right,42,EL,
01ADL0081,23-Mar-17,19-Jun-91,F,Hispanic,173.4,173.4,173.4,173.4,,79.8,,,,,,,,,,,,,,,,,85.6,85.6,85.6,,,110.8,110.9,110.8,,,,30.9,31.2,31.2,,,,,,Right,32,56.2,56,56.2,,,,,,Right,44,EL,
01ADL0082,3-Aug-17,2-Oct-74,M,Asian,167.6,167.5,167.6,167.6,,71.46,,,,,,,116,83,,,,,,,,,85.8,85.9,86,,,97.7,97.7,97,,,,35,34.7,34.8,,,,,,R,37,52,52,51.9,,,,,,Right,41,EL,
01ADL0083,12-May-17,11-Aug-81,M,Hispanic,182.5,182.6,182.7,182.6,,64.45,,,,,,,,,,,,,,,,,79.8,79.6,80,,,91.8,91.8,91.8,,,,27,27,26.9,,,,,,Right,,50.2,49.9,49.9,,,,,,Right,47,,
01ADL0084,9-May-17,14-Dec-65,F,Asian,165.2,165.2,165.2,165.2,,56.85,,,,,,,,,,,,,,,,,80.4,79.5,80.1,,,91.3,91.4,91.4,,,,27.5,27.5,27.5,,,,,,Right,,46.9,47,47,,,,,,Right,,EL,"1st Fit3D acct under email: shapeup0084@ucsf.study.com
2nd Fit3D acct under email: shapeup0084i@ucsf.study.com"
01ADL0085,10-May-17,26-Oct-91,M,Asian,166.5,166.4,166.4,166.43,,72.95,,,,,,,,,,,,,,,,,91,90.9,91,,,96,96.1,96,,,,32.6,32.7,32.5,,,,,,Right,36,54.5,54.5,54.6,,,,,,Right,41,,
01ADL0086,28-Jul-17,23-Jan-62,F,White,170.6,170.5,170.4,170.5,,79.9,,,,,,,126,80,,,,,,,,,106,106,160.3,,,111.5,112,112,,,,31,30,30,,,,,,R,36,50.5,50.5,50.5,,,,,,R,37,EL,
01ADL0087,21-Jul-17,18-Dec-89,M,Hispanic,169.5,169.4,169.3,169.3,,90.9,,,,,,,113,64,,,,,,,,,102,102,101.8,,,105.3,105,105.3,,,,35,35.2,35,,,,,,R,38,57.8,57.8,58,,,,,,R,42,EL,"Fit3D couldn't sign back on 2nd time. 2nd acct. created. shapeup0087i@ucsf.study.com
biodex-isokinetic x2"
01ADL0088,9-May-17,21-Aug-80,M,White,202.1,202,202,202,,135.7,,,,,,,,,,,,,,,,,113.2,113.5,113.5,,,120.5,120.4,120.4,,,,42.3,42.3,42.2,,,,,,Right,,69.6,69.7,69.8,,,,,,Right,,EL,
01ADL0089,12-May-17,16-Jul-51,F,Asian,159,159,159,159,,69.85,,,,,,,,,,,,,,,,,97.2,97.2,97,,,98,98.1,97.9,,,,33.3,33.3,33.5,,,,,,Right,33,50.5,50.7,50.7,,,,,,Right,35,,
01ADL0090,24-May-17,17-May-58,F,White,162.7,162.5,162.6,162.6,,113.75,,,,,,,,,,,,,,,,,133.2,133.4,133.4,,,132.5,132.7,132.7,,,,41.3,41.3,40.8,,,,,,Right,36,65,64.8,64.9,,,,,,Right,36,EL,"Opted out of biodex because of knee arthritis L+R
Hemi scan once for right and left side"
01ADL0091,24-May-17,13-Apr-80,F,White,173.2,173.5,173.6,173.4,,68.55,,,,,,,,,,,,,,,,,81.8,81.9,82,,,99.1,98.9,99.2,,,,30.1,30.2,30.3,,,,,,Right,38,54,54.1,54.3,,,,,,Right,42,EL,
01ADL0092,24-May-17,19-Nov-56,M,White,183.7,183.5,183.3,183.5,,128.3,,,,,,,,,,,,,,,,,124.3,124.6,124.7,,,124.1,124,124.8,,,,42.2,42.4,42.6,,,,,,Right,40,70.3,70.7,70.7,,,,,,Right,44,EL,
01ADL0093,7-May-17,8-Aug-76,F,White,166.9,166.8,166.8,166.83,,142.7,,,,,,,,,,,,,,,,,156.9,157,157.3,158,,156.8,155.6,155.4,,,,45.9,46,46,,,,,,Right,38,64.6,65,65.4,,,,,,right,37,EL,
01ADL0094,27-Jul-17,12-Oct-68,M,Asian,173.6,174,173.7,173.7,,79.85,,,,,,,141,79,128,81,,,,,60,,101,100.8,100.9,,,96.8,96.8,96.8,,,,31.2,31,31,,,,,,R,39,50.9,50.6,50.7,,,,,,R,44,EL,2 BP recordings taken.
01ADL0095,1-Aug-17,10-Sep-92,M,Asian,182.5,182.9,182.4,182.6,,74.32,,,,,,,140,93,124,65,,,,,,,76.8,76.9,77,,,95.5,95.6,95.5,,,,34,34,34,,,,,,R,39,55.1,55,55,,,,,,R,62,EL,"Feet taped in dorsiflexion -DXAx2
First BIA measurement - entered age as 25 yo instead of 24 yo."
01ADL0096,17-Aug-17,9-Jan-69,F,Black,166.2,166.1,166.3,166.2,,76.7,,,,,,,120,68,,,,,,,78,,92.8,92.8,92.5,,,110.5,110,110.8,,,,32.5,32.5,32.3,,,,,,R,38,58.5,58.5,59,,,,,,,,EL,2nd Fit3D scan wouldn’t let me log in. Created 2nd acct: shapeup0096i@ucsf.study.com
01ADL0097,24-Jul-17,12-Sep-92,F,Asian,149.4,149.3,149.4,149.4,,60.93,,,,,,,100,65,,,,,,,,,95.6,95.4,95.4,,,96.9,96.5,96.5,,,,30.5,30.8,30.6,,,,,,R,30,52.6,52.6,52.5,,,,,,R,37,EL,
01ADL0098,24-Jul-17,18-Oct-92,F,Asian,159.9,160.1,160.1,160.1,,67,,,,,,,115,74,,,,,,,,,89.9,89.9,89.8,,,99.5,99.9,100,,,,29.9,29.5,29.5,,,,,,R,33,56.5,56.5,56.5,,,,,,R,41,EL,
01ADL0099,9-Aug-17,7-Oct-75,M,Hispanic,171.2,170.9,171.1,171.1,,88.6,,,,,,,139,75,,,,,,,,,99.6,99.3,99.4,,,107.3,107,107,,,,36.1,36,36,,,,,,R,39,58.1,58.4,58.2,,,,,,R,43,EL,Biodex isokinetic all 3 times - % CV > 15%
01ADL0100,3-Aug-17,4-Nov-60,F,White,174.4,174.4,174.4,174.4,,53,,,,,,,99,63,,,,,,,68,,70.8,70.8,70.9,,,89.3,89.1,89,,,,24.5,24.5,24.5,,,,,,R,35,42.8,42.5,42.5,,,,,,R,40.9,EL,
01ADL0101,9-Aug-17,23-Aug-62,F,Asian,159.2,159.3,159.3,159.27,,77.33,,,,,,,110,61,,,,,,,,,100.5,99.5,99.6,,,101.3,101.4,101.5,,,,38.5,38.5,38.4,,,,,,R,34,53.7,54,54,,,,,,R,37,EL,L wedding ring unremovable
01ADL0102,28-Aug-17,19-May-88,F,Hispanic,158.1,158.2,158.1,158.1,,49.9,,,,,,,92,59,,,,,,,,,73.5,73.5,73.6,,,94,94,94,,,,23.4,23.5,23.4,,,,,,R,34,46.8,46.8,47,,,,,,R,38,EL,
01ADL0103,19-Aug-17,15-Aug-93,F,Asian,169.2,169.1,168.9,169.1,,54.2,,,,,,,119,77,,,,,,,74,,78,77.7,78.2,,,92.3,92.6,92.4,,,,25,25,25,,,,,,R,36,47,47.5,47.2,,,,,,R,44,EL,
01ADL0104,16-Aug-17,31-May-86,M,Asian,176.3,176.8,176.5,176.5,,79.35,,,,,,,116,61,,,,,,,62,,79.5,79.7,79.7,,,95.9,95.9,96.1,,,,38,37.9,37.9,,,,,,R,38,54.9,54.8,54.8,,,,,,R,42,EL,Second Fit3D sign-in email: shapeup0104i@ucsf.study.com
01ADL0105,15-Aug-17,22-Aug-90,F,Hispanic,165.8,165.8,166,165.8,,66.6,,,,,,,118,59,,,,,,,57,,79.8,79.9,79.9,,,102.5,102.5,102.4,,,,29.4,29.5,29.3,,,,,,R,36,54.2,54.2,54.3,,,,,,R,40,EL,
01ADL0106,19-Aug-17,20-Dec-73,F,Asian,168.1,168.1,168.1,168.1,,76.26,,,,,,,115,66,,,,,,,61,,91.2,92,92,,,110,110,109.9,,,,32,31.9,31.5,,,,,,R,38,57,56.5,56.6,,,,,,R,42,EL,
01ADL0107,14-Aug-17,1-Sep-87,M,Hispanic,175.8,175.7,175.7,175.7,,64.05,,,,,,,93,74,,,,,,,,,79.5,82,82.2,82.5,,92,92.2,92.2,,,,27.5,27.6,27.4,,,,,,R,39,46.2,46.2,46,,,,,,R,44,EL,
01ADL0108,24-Aug-17,30-Mar-69,F,Hispanic,162.4,162.2,162.1,162.3,,52.55,,,,,,,93,67,,,,,,,70,,79.1,79.5,79.5,,,88.5,89.4,89.5,89.6,,,25,25.1,25.1,,,,,,R,38,43,43,43,,,,,,R,39,EL,
01ADL0109,22-Aug-17,5-Feb-58,F,Black,154.4,154.8,154.9,154.7,,65.5,,,,,,,140,81,123,80,,,,,75,,96.9,97,97,,,100,100,100,,,,29.4,29.2,29.3,,,,,,R,34,52.4,52,52,,,,,,R,37,EL,
01ADL0110,24-Aug-17,27-Jun-70,M,Asian,170.4,170.1,170.1,170.2,,67.82,,,,,,,102,50,,,,,,,,,80,80,80.4,,,91.7,91.8,91.7,,,,30.5,30.5,30.4,,,,,,R,38,53.7,53.5,53.5,,,,,,R,46,EL,
01ADL0111,16-Aug-17,1-Jan-58,F,White,162.2,,,,,119.5,,,,,,,154,59,,,,,,,71,,131.5,131.4,131.6,,,145.3,145.3,145.7,,,,38.6,38.6,38.4,,,,,,R,38,61.5,61.8,61.7,,,,,,R,39,EL,"trouble getting on/off scale: ht/wt taken 1x
DXA: towel underneath head
Fit3D: scoliosis - left side lower than right. Left 1st metatarsal missing
no styku - bad balance"
01ADL0112,6-Sep-17,3-Oct-97,F,White,163.6,163.7,163.9,163.7,,49.7,,,,,,,115,,,,,,,,66,,,,,,,,,,,,,,,,,,,,,,,,,,,,,,,,,EL,"AN participant, no anthropometric measurements taken"
01ADL0113,25-Aug-17,25-Aug-79,F,White,165.5,165.9,166,165.8,,80.8,,,,,,,129,77,,,,,,,66,,94.2,94.3,94,,,110,109,109.3,,,,35.5,35.5,35.5,,,,,,R,37,53,53,53.4,,,,,,R,39,EL,1st BIS: age entered as 37 yo instead of 38 yo.
01ADL0114,22-Aug-17,12-Mar-90,M,Black,181.7,181.9,181.7,181.7,,66.5,,,,,,,146,86,123,79,,,,,79,,79.5,79,79.5,,,92.5,92.5,92.6,,,,27.7,27.7,27.5,,,,,,R,40,48.8,48.5,48.6,,,,,,R,43,EL,
01ADL0115,29-Aug-17,28-Mar-62,M,White,168.7,169.3,169.3,169.1,,64.2,,,,,,,112,63,,,,,,,59,,88.2,88.4,88.2,,,88.9,88.9,89,,,,26.8,26.8,26.8,,,,,,R,38,44,44,44,,,,,,R,40,EL,
01ADL0116,29-Aug-17,31-Oct-63,M,Hispanic,181.2,181,181,181.07,,80.75,,,,,,,136,90,,,,,,,65,,97,97.3,97.3,,,101.3,101.4,101.5,,,,29.8,29.9,29.9,,,,,,R,39,50.6,50.7,50.8,,,,,,R,,EL,
01ADL0117,14-Sep-17,14-Feb-89,F,Asian,173.9,173.6,173.6,173.7,,110.61,,,,,,,140,78,,,,,,,73,,117.5,118,118,,,118.4,117.1,117.5,117.3,,,41.5,41.5,41.7,,,,,,R,39,67,66.5,66.4,,,,,,R,41,EL,"DXA hemi scan. Reflection.
Inbody red value [TR 5kHz]"
01ADL0118,30-Aug-17,7-Dec-69,M,Asian,179.7,179.7,179.7,179.7,,65.15,,,,,,,124,72,,,,,,,57,,78,78,78.2,,,92.4,92.5,92.3,,,,29.1,29,28.7,,,,,,R,38,47.3,47.2,47.4,,,,,,R,43,EL,
01ADL0119,15-Sep-17,4-Oct-88,F,Hispanic,152.5,152.7,153.1,152.7,,70.45,,,,,,,153,101,150,110,,,,,71,,92.4,92.3,92.4,,,109.5,109.5,109.5,,,,96.5,96.5,96.7,,,,,,,,55.8,55.2,55.2,,,,,,,,EL,Measured BP 2x. 1st at 0929 2nd at 0932
01ADL0120,12-Sep-17,29-Nov-58,M,Hispanic,169.8,169.8,169.8,169.8,,76.15,,,,,,,119,74,,,,,,,65,,95.2,95.5,95.7,,,100,100,100,,,,30.5,30.5,30.6,,,,,,,,48.5,48.5,48.7,,,,,,,,EL,isometric biodex 2nd try did not do. COV >15%
01ADL0121,11-Sep-17,23-Jun-78,F,Hispanic,166.3,166.8,167.1,166.4,,61.35,,,,,,,112,61,,,,,,,60,,85,84.8,84.3,,,99,98.5,98.7,,,,26,26,26,,,,,,R,36,49,49.5,49,,,,,,,,EL,1st BIS demographic data entered 29 yo instead of 39 yo
01ADL0122,29-Aug-17,21-Jul-99,F,White,171.2,,,,,61.15,,,,,,,91,51,,,,,,,57,,,,,,,,,,,,,,,,,,,,,,,,,,,,,,,,,EL,AN participant no anthropometric measurements taken
01ADL0123,15-Sep-17,20-Jul-82,F,Black,169.5,169.6,169.8,169.6,,128.65,,,,,,,140,86,,,,,,,69,,131.4,131.3,131.3,,,127.5,127.5,127.5,,,,49.4,49.3,49.4,,,,,,,,77.5,77,77.5,,,,,,,,EL,1st BP 146/84
01ADL0124,5-Sep-17,10-May-96,M,Hispanic,172.9,172.9,172.9,172.9,,74.8,,,,,,,102,64,,,,,,,66,,84,84.2,84.2,,,100.1,100.3,100.1,,,,33.5,33.5,33.5,,,,,,R,38,52.4,52.7,52.6,,,,,,R,42,EL,
01ADL0125,28-Aug-17,23-Nov-94,F,Black,165.8,166,165.7,165.8,,101.3,,,,,,,125,65,,,,,,,68,,91.8,91.9,92,,,130.8,131.4,130,130.2,,,37.7,38,38,,,,,,R,28,75.9,76,76.2,,,,,,R,44,EL,age in 1st BIS entered as 23 yo instead of 22 yo
01ADL0126,31-Aug-17,25-Feb-98,M,Hispanic,179,179.1,179.1,179.1,,86.75,,,,,,,137,73,,,,,,,72,,91.5,91.6,91.7,,,106,106,106,,,,32.6,32.6,32.6,,,,,,R,40,57.5,57.3,57.3,,,,,,R,47,EL,
01ADL0127,5-Sep-17,16-Jul-67,F,Hispanic,158.7,158.4,158.4,158.5,,75.75,,,,,,,135,81,,,,,,,69,,96.3,96.4,96.5,,,97.3,97.4,97.5,,,,30.2,30.2,30.2,,,,,,,,53,53.5,53.3,,,,,,,,EL,
01ADL0128,2-Oct-17,31-Aug-87,F,Asian,152.7,152.7,152.7,152.7,,73.5,,,,,,,120,71,,,,,,,62,,103,103.5,103.5,,,103,103,103,,,,32,31.5,31.5,,,,,,,,53,53,53,,,,,,,,EL,
01ADL0129,6-Sep-17,15-May-92,M,Hispanic,158.7,158.7,158.5,158.6,,63.9,,,,,,,118,65,,,,,,,60,,88,87.7,88,,,93.2,93,93,,,,31.4,31,31,,,,,,R,34,50.5,50.3,50.3,,,,,,R,38,EL,
01ADL0130,15-Sep-17,13-Aug-92,M,Hispanic,179.5,179.2,179,179.23,,93.95,,,,,,,134,77,,,,,,,56,,96.5,96,96,,,104.3,104.2,104.3,,,,36.8,36.9,36.8,,,,,,,,58.3,58.4,58.5,,,,,,,,EL,
01ADL0131,14-Sep-17,25-Oct-71,F,Asian,161.9,161.9,162.2,162,,60.05,,,,,,,126,79,,,,,,,79,,80,80.5,80,,,94.7,94.5,94.5,,,,27.5,27.3,27.5,,,,,,,,48.5,48.7,48.7,,,,,,,,EL,
01ADL0132,21-Sep-17,14-Oct-74,F,Hispanic,157.8,157.9,158,157.9,,51.4,,,,,,,101,70,,,,,,,85,,84.3,84.4,84.5,,,89.5,89.3,89.4,,,,24.5,24.5,24.5,,,,,,R,35,42,42.3,42.3,,,,,,,,EL,"Isok: away (ext) CV% 31.7% pt. tired did not repeat
isom: repeated test b/c %CV >15%"
01ADL0133,2-Oct-17,4-Nov-60,F,Asian,155.4,155.5,155.5,155.5,,40.75,,,,,,,148,93,,,,,,,67,,73.5,73.5,74,,,83.8,83.8,83.6,,,,18.5,18.6,18.6,,,,,,,,37.5,37.4,37.2,,,,,,,,EL,BP not usually this high.
01ADL0134,27-Oct-17,18-Sep-92,F,Asian,164.1,163.6,163.8,163.8,,61.42,,,,,,,91,64,,,,,,,73,,84.5,84.5,85,,,94,93.5,93.8,,,,26,26,25.8,,,,,,,,48.3,48.5,48.6,,,,,,,,EL,Ppt did 4 scans on fit3d. First 2 scans ppt had bracelet on L wrist.
01ADL0135,14-Oct-17,2-Sep-53,M,Asian,167,167,167,167,,59.5,,,,,,,109,65,,,,,,,71,,81.5,80.9,81.5,,,90,89.7,89.7,,,,27.5,27.6,27.6,,,,,,R,36,45.2,45.2,45.5,,,,,,,,EL,"Fit3D: units are in US imperial 5'6"" 130.8lb"
01ADL0136,1-Nov-17,4-Dec-55,F,White,163,162.9,162.7,162.9,,58.7,,,,,,,97,58,,,,,,,68,,86.5,86.5,86.5,,,100.3,100,100.5,,,,25.3,25.3,25.4,,,,,,,,48,48.3,48.3,,,,,,,,EL,
01ADL0137,21-Sep-17,26-Dec-98,F,White,158.3,158.2,158.3,158.3,,39.85,,,,,,,97,68,,,,,,,59,,,,,,,,,,,,,,,,,,,,,,,,,,,,,,,,,EL,AN participant no anthropometric measurements taken.
01ADL0138,10-Oct-17,17-Oct-60,F,Black,156.7,156.6,156.6,156.6,,70.25,,,,,,,127,67,,,,,,,67,,89.2,89.4,89.5,,,108.6,108.6,108.6,,,,30.9,30.5,90.7,,,,,,,,54.5,54.5,54.5,,,,,,,,EL,bandaged L thumb b/c of bad cut when cooking: did not do inbody.
01ADL0139,25-Sep-17,14-Jun-42,F,Asian,159.8,159.8,159.7,159.8,,56.95,,,,,,,121,65,,,,,,,73,,90.2,90.3,90.2,,,91,90.5,91,,,,25,25.1,25,,,,,,R,36,41,41.2,41,,,,,,R,,EL,
01ADL0140,29-Sep-17,15-May-98,F,Hispanic,165.7,165.7,165.7,165.7,,40.65,,,,,,,101,62,,,,,,,98,,,,,,,,,,,,,,,,,,,,,,,,,,,,,,,,,EL,Non-metallic bracelet unremovable on R wrist. AN participant so did not complete anthros.
01ADL0141,3-Oct-17,21-Sep-62,F,Hispanic,156,156.3,155.8,156,,63.9,,,,,,,107,59,,,,,,,70,,96.8,97.4,97.3,,,102,102.2,102.3,,,,28.4,28.4,28.3,,,,,,,,45.4,45.8,45.7,,,,,,,,EL,
01ADL0142,26-Oct-17,20-Mar-88,F,Asian,151.2,151.1,151.1,151.1,,74.5,,,,,,,142,82,,,,,,,89,,103,103,103.5,,,107.5,108,107.5,,,,35.5,35.5,35.5,,,,,,,,60.5,60.5,60.5,,,,,,,,EL,
01ADL0143,13-Oct-17,11-Nov-53,M,White,184.2,184.2,184,184.2,,63.1,,,,,,,119,61,,,,,,,70,,82,82,82,,,89.5,89.5,89.7,,,,24,23.8,23.8,,,,,,Right,41,37.9,38,37.9,,,,,,Right,,EL,DXA: Feet taped up into dorsiflexion
01ADL0144,31-Oct-17,9-Nov-75,M,Asian,169.3,169.4,169.4,169.4,,70.45,,,,,,,114,79,,,,,,,64,,80.5,80,80,,,95.5,95,95,,,,32.3,32,32,,,,,,Right,,52.5,52,52.5,,,,,,Right,,EL,
01ADL0145,3-Nov-17,30-Dec-59,M,White,176.3,176.1,176.2,176.2,,64.85,,,,,,,127,82,,,,,,,53,,78.1,78.1,78.5,,,94.2,94,94,,,,28.8,28.6,28.5,,,,,,Right,37,47.8,49,48.4,48.2,,,,,Right,22,EL,
01ADL0146,30-Oct-17,21-Sep-76,M,Asian,162.4,162.6,162.6,162.6,,56.8,,,,,,,99,60,,,,,,,66,,76,76,76,,,86,85.5,85.5,,,,29.5,29.5,29.5,,,,,,Right,,46,45.8,45.8,,,,,,Right,,EL,"BIA: ID entered as ""7276_0146i"" b/c double entry"
01ADL0147,17-Nov-17,12-Feb-76,F,Asian,156.5,156.4,156.4,156.4,,55.46,,,,,,,87,58,,,,,,,70,,86,85.6,85.7,,,96,96.3,96.3,,,,26.2,26.2,26.2,,,,,,Right,33,50,50,49.9,,,,,,Right,,EL,Biodex: R leg is dominant but tested on L leg b/c of knee injury. COV >15% but did not repeat - fear of pain.
01ADL0148,3-Nov-17,26-Nov-53,F,Asian,163.8,163.7,163.8,163.8,,50.75,,,,,,,123,70,,,,,,,52,,67.5,67.3,67.3,,,87,87.3,87.3,,,,24.5,24.5,24.5,,,,,,Right,35,43.2,43.3,43.3,,,,,,Right,,EL,
01ADL0149,7-Nov-17,13-Sep-84,M,Black,147.3,147.1,147.1,147.1,,70.6,,,,,,,110,76,,,,,,,87,,93.5,93.5,93.5,,,101,101,101.3,,,,29.2,29.5,29.3,,,,,,Right,33,54.5,54.5,54.5,,,,,,Right,,EL,"metal rod along R femur - excluded from 2nd DXA and BIA.
Scoliosis/lateral valgus - couldn't stand straight on 3D opticals."
01ADL0150,9-Nov-17,27-Nov-46,F,Asian,162.9,162.7,162.8,162.8,,52.9,,,,,,,140,58,,,,,,,53,,88.4,88.3,88.4,,,88,87.9,88,,,,24.2,24.3,24,,,,,,Right,35,40.5,40.4,40.4,,,,,,Right,,EL,"Did 1 styku scan - balance issues.
Biodex - isokinetic cov >15% did not redo b/c complaint of knee pain."
01ADL0151,8-Nov-17,26-Jan-44,F,Asian,148.1,148.2,148.2,148.2,,43.3,,,,,,,142,68,,,,,,,,,79.5,79.9,79.8,,,80.7,81,81,,,,23.5,23.5,23.5,,,,,,Right,,35.7,35.5,35.5,,,,,,Right,,EL,"BP medication
opt out of biodex due to L and R meniscus tear."
01ADL0152,8-Nov-17,3-Jul-51,M,White,165.3,165.5,165.6,165.5,,66.8,,,,,,,129,82,,,,,,,48,,80.5,80.5,80.5,,,90,90.5,90.5,,,,28.4,28.4,28.4,,,,,,Right,,49.5,49.5,49,,,,,,Right,,EL,"2nd fit3d scan, recreated login info: shapeup0152i@ucsf.study.com"
01ADL0153,13-Nov-17,28-Dec-87,F,Asian,160.6,160.7,160.6,160.6,,69.15,,,,,,,112,68,,,,,,,69,,90.5,90.5,90.3,,,104,103.5,104.2,,,,31,31,31,,,,,,Right,,52,52,52,,,,,,Right,,EL,
01ADL0154,15-Nov-17,19-Sep-84,M,Asian,154.7,154.7,154.6,154.7,,40.6,,,,,,,102,62,,,,,,,56,,59.5,59.3,59.5,,,77,77.1,77.2,,,,23.8,23.7,23.7,,,,,,Right,32,40.7,40.7,40.6,,,,,,Right,,EL,
01ADL0155,8-Dec-17,12-May-66,F,Asian,158.1,158.1,158,158.1,,35.4,,,,,,,122,62,,,,,,,85,,60.5,60.5,60.5,,,74.2,74.4,74.2,,,,19.2,19.2,19.2,,,,,,Right,,33.7,33.7,33.5,,,,,,Right,,EL,
01ADL0156,13-Nov-17,9-Jan-46,F,Asian,144,144.2,144.3,144.2,,41.7,,,,,,,117,62,,,,,,,69,,77.5,77,77.3,,,81.5,82,81.5,,,,24,24.3,24,,,,,,Right,30,31.5,31.3,31.5,,,,,,Right,,EL,
01ADL0157,13-Nov-17,20-Feb-46,M,White,167.6,167.6,167.8,167.6,,73.2,,,,,,,155,70,,,,,,,107,,94.8,94.5,95,,,100,100,100.1,,,,29.8,29.8,29.8,,,,,,Right,,47.5,47.6,47.5,,,,,,Right,,EL,"Towel needed under head for DXA scans.
Knee pain so did not re-do isokin/isometric tests. %CV >15%"
01ADL0158,16-Nov-17,27-Oct-92,M,Asian,172.7,172.6,172.3,172.5,,53.65,,,,,,,111,69,,,,,,,68,,77.7,77.5,77.6,,,86.2,86.2,86.2,,,,22.5,22.5,22.4,,,,,,Right,,42,42.5,42.5,,,,,,Right,43,EL,
01ADL0159,2-Jan-18,30-Dec-46,F,White,164.7,164.8,164.9,164.8,,51.7,,,,,,,119,64,,,,,,,68,,93.8,93.2,93.2,,,96.2,86.8,86.9,,,,21.8,22.2,22,,,,,,Right,,36.9,37.1,37,,,,,,Right,,,
01ADL0160,14-Nov-17,21-Nov-88,F,Asian,163.5,163.5,163.3,163.5,,46.75,,,,,,,105,73,,,,,,,61,,69.9,70,70.1,,,84.3,85,85,,,,23,23,23,,,,,,Right,,42.2,42.4,42.4,,,,,,Right,,EL,
01ADL0161,18-Dec-17,11-Dec-65,F,Asian,163.4,163.7,163.6,163.6,,47.5,,,,,,,103,60,,,,,,,64,,71,71.6,71.5,,,84.3,84.2,83.8,,,,23,22.9,23.1,,,,,,Right,37,41.9,41.6,41.2,,,,,,Right,,YN,
01ADL0162,19-Dec-17,29-Jun-50,F,White,165.4,165.2,165.4,165.3,,72.7,,,,,,,116,62,,,,,,,57,,99.2,99.5,99.6,,,108.6,108.9,108.6,,,,30.5,30.6,30.1,,,,,,Right,40,53.3,52.4,52.5,,,,,,Right,41,YN,
01ADL0163,13-Dec-17,25-Dec-62,F,Asian,157.5,157.4,157.4,157.4,,45.7,,,,,,,110,67,,,,,,,59,,68,68.5,68.4,,,84.5,84.4,84.3,,,,22.7,22.8,22.8,,,,,,R,,40.5,40.5,40.5,,,,,,R,,YN,
01ADL0164,21-Nov-17,27-May-69,F,Black,160.4,160.6,160.5,160.5,,45.23,,,,,,,100,59,,,,,,,71,,68.4,68.3,68.4,,,82.4,82.3,82.4,,,,21.5,21.5,21.4,,,,,,R,,41.9,41.9,42,,,,,,R,,EL,
01ADL0165,20-Dec-17,16-Jul-47,F,White,160.3,160.4,160.7,160.5,,62.2,,,,,,,154,100,,,,,,,75,,93.4,93.7,94.3,,,97.2,96.9,96.8,,,,27.5,27.4,27,,,,,,R,,45.5,45.2,45,,,,,,R,,YN,
01ADL0166,8-Dec-17,2-Apr-92,M,Hispanic,177.7,180,177.7,178.46,,101.05,,,,,,,127,74,,,,,,,68,,107.5,107.5,108,,,111,111,111,,,,34.5,34.5,34.5,,,,,,R,,67,67,67.3,,,,,,R,,EL,
01ADL0167,5-Dec-17,21-Jan-83,M,White,180.6,180.6,180,180.4,,80.8,,,,,,,109,49,,,,,,,71,,86.5,86.5,86.5,,,106,106,106.3,,,,32,32,32,,,,,,R,42,55.5,55.5,55.5,,,,,,R,,EL,
01ADL0168,19-Dec-17,5-Nov-70,F,Hispanic,161.9,162.2,162.3,162.1,,109.6,,,,,,,111,63,,,,,,,65,,127.4,127.6,128.4,128.6,,136.5,136.4,136.7,,,,38.8,39.2,39.1,,,,,,R,,60.8,60.9,61.1,,,,,,R,36,YN,
01ADL0169,15-Dec-17,6-Jan-84,M,Hispanic,177.9,177.7,177.8,177.8,,108.51,,,,,,,129,69,,,,,,,52,,107.1,107.2,106.7,,,112.8,112.9,112.8,,,,40.1,40.6,39.8,,,,,,R,41,62.3,61.8,61.6,,,,,,R,,YN,
01ADL0170,15-Dec-17,22-Mar-91,M,Hispanic,171.9,171.9,172,172,,82.5,,,,,,,115,66,,,,,,,71,,90.1,90.7,90.8,,,99.2,98.7,97.9,97.8,98.2,,39.3,39.5,39.6,,,,,,R,36,57.7,57.6,57.6,,,,,,R,,EL,
01ADL0171,20-Dec-17,28-Sep-88,M,White,177.9,177.9,178,177.9,,92.05,,,,,,,115,69,,,,,,,74,,91.8,91.7,91.5,,,108.5,108.5,108.3,,,,37.3,37.3,37.3,,,,,,R,,61.8,61.5,61.8,,,,,,R,,EL,
01ADL0173,22-Dec-17,25-Jul-91,M,Black,170.3,170.4,170.4,170.4,,74.2,,,,,,,104,53,,,,,,,48,,75.7,75.9,76,,,95.9,96.3,96.1,,,,35.1,35.2,35.2,,,,,,R,,55.2,55.4,55.4,,,,,,R,,YN,
01ADL0174,2-Jan-18,14-Nov-87,M,Hispanic,162,161.9,161.8,161.9,,55.8,,,,,,,106,61,,,,,,,63,,75.7,75.5,75.7,,,86.3,86.5,86.9,,,,27.5,27.2,27.6,,,,,,R,,46.1,46.2,45.8,,,,,,R,,YN,
02ADL0001,29-Nov-16,,,,163.4,163.5,,163.5,64.4,101.4,101.3,,101.4,223.1,37.9,Large Adult,118,78,120,82,,,119,80,70,,103,102.5,102.5,,,127.5,127.6,127.2,,,,38,37.8,37.7,,,,,,,,74.5,74,74.1,,,,,,,,,
02ADL0002,8-Dec-16,,,,163.7,163.8,,163.8,64.5,63.9,63.9,,63.9,140.6,23.8,Regular Adult,102,74,106,72,,,104,73,70,,80.8,81.4,81.2,,,100.2,100.2,100.2,,,,29.1,29.4,29.4,,,,,,,,48.5,48.4,48.3,,,,,,,,,
02ADL0003,9-Dec-16,,,,163,163,,163,64.2,79.8,79.8,,79.8,175.6,30,Regular Adult,124,84,126,80,,,125,82,72,,87.2,87.3,87.4,,,112.2,112,112.4,,,,32.2,32.4,32.1,,,,,,,,57.3,57.1,56.9,,,,,,,,,
02ADL0004,14-Dec-16,,,,164.7,165,,164.9,64.9,59.8,59.8,,59.8,131.6,22,Regular Adult,112,72,108,72,,,110,72,74,,84.9,85.1,84.8,,,103,102.5,102.5,,,,27.6,27.5,27.6,,,,,,,,46.9,46.5,46.8,,,,,,,,,
02ADL0005,19-Dec-16,,,,167.3,167.2,,167.3,65.9,73.7,73.7,,73.7,162.1,26.3,Large Adult,108,72,102,76,,,105,74,82,,86.8,86.6,86.7,,,104.2,104.2,104.2,,,,34.3,34.6,34.4,,,,,,,,54.8,54.5,54.8,,,,,,,,,
02ADL0006,20-Dec-16,,,,187,187.3,,187.2,73.7,108.6,108.6,,108.6,238.9,31,Large Adult,122,80,122,84,,,122,82,62,,112.1,112.4,112.3,,,111.7,111.7,111.7,,,,34.5,34.5,34.6,,,,,,,,62.4,62.5,62.1,,,,,,,,,
02ADL0007,21-Dec-16,,,,173.7,173.7,,173.7,68.4,66.8,66.8,,66.8,147,22.1,Regular Adult,94,68,100,60,,,97,64,58,,77.6,77.5,77.5,,,90.5,90.6,90.5,,,,28.2,28.1,28.1,,,,,,,,53,52.5,52.6,,,,,,,,,
02ADL0008,9-Jan-17,,,,165.6,165.6,,165.6,65.2,59.5,59.5,,59.5,130.9,21.7,Regular Adult,142,78,140,78,,,141,78,58,,,,,,,,,,,,,,,,,,,,,,,,,,,,,,,,,,
02ADL0009,11-Jan-17,,,,162.7,162.8,,162.8,64.1,54.2,54.2,,54.2,119.2,20.4,Regular Adult,116,72,108,60,,,112,66,58,,72.1,72.9,72.5,,,98.7,98.9,98.8,,,,25.9,25.5,25.5,,,,,,,,50,50,50,,,,,,,,,
02ADL0010,18-Jan-17,,,,164.3,164.6,,164.5,64.8,78.8,78.8,,78.8,173.4,29.1,Regular Adult,134,84,130,84,,,132,84,88,,91.7,91.6,91.6,,,110.7,110.9,110.8,,,,31.9,31.8,31.9,,,,,,,,54.5,54.5,54.6,,,,,,,,,
02ADL0011,25-Jan-17,,,,161.3,161.3,,161.3,63.5,53.8,53.8,,53.8,118.4,20.7,Regular Adult,150,80,150,80,,,150,80,68,,79.1,79.2,79.1,,,92.8,92.8,92.3,,,,26.1,26.3,26.4,,,,,,,,49.8,49.9,49.8,,,,,,,,,
02ADL0012,30-Jan-17,,,,155.7,155.8,,155.8,61.3,77.8,77.8,,77.8,171.2,32.1,Large Adult,104,66,102,64,,,103,65,64,,97.3,97,97.1,,,113,113.4,113,,,,35.2,34.9,35,,,,,,,,56.5,56.9,57,,,,,,,,,
02ADL0013,31-Jan-17,,,,164.7,164.7,,164.7,64.8,53.4,53.4,,53.4,117.5,19.7,Regular Adult,102,74,98,72,,,100,73,60,,78.6,78.7,78,,,94,94,94.1,,,,27.1,27,27.2,,,,,,,,49.1,49.1,49,,,,,,,,,
02ADL0014,1-Feb-17,,,,160,160.2,,160.1,63,132.8,132.8,,132.8,292.2,51.8,Large Long,114,84,116,82,,,115,83,82,,133.3,132.9,133.2,,,157,157,157.1,,,,53,53.2,53,,,,,,,,73.3,73.5,73.6,,,,,,,,,
02ADL0015,8-Feb-17,,,,163.4,163.3,,163.4,64.3,63.2,63.2,,63.2,139,23.7,Regular Adult,112,82,116,86,,,114,84,64,,74.9,74.9,74.9,,,88,88,88.1,,,,33.6,33.5,33.5,,,,,,,,50.3,50.1,50.3,,,,,,,,,
02ADL0016,10-Feb-17,,,,157.5,157.7,,157.6,62,84,84,,84,184.8,33.8,Large Adult,142,82,142,82,,,142,82,82,,104.4,104.5,104.5,,,113,113.2,113.3,,,,138.1,138.6,138.5,,,,,,,,58.2,57.8,58,,,,,,,,,
02ADL0017,14-Feb-17,,,,158.9,158.9,,158.9,62.6,96.1,96.1,,96.1,211.4,38.1,Large Adult,118,72,126,78,,,122,75,68,,108.6,108.9,108.6,,,130.5,132.1,132.5,,,,37.4,37.5,37.5,,,,,,,,61.4,61.6,61.5,,,,,,,,,
02ADL0018,15-Feb-17,,,,157.7,157.8,,157.8,62.1,101.6,101.6,,101.6,223.5,40.8,Large Adult,122,84,126,84,,,124,84,64,,117.5,117.9,117.2,,,127.4,127.1,127.3,,,,40.1,39.9,39.9,,,,,,,,62.1,62.1,61.9,,,,,,,,,
02ADL0019,16-Feb-17,,,,156,155.7,,155.9,61.4,67.1,67.1,,67.1,147.6,27.6,Regular Adult,132,84,140,86,,,136,85,78,,91,90.9,90,,,103.1,103.3,103.4,,,,33.4,33,33,,,,,,,,55.4,55.1,55.3,,,,,,,,,
02ADL0020,17-Feb-17,,,,183,182.8,,182.9,72,92.9,92.9,,92.9,204.4,27.8,Large Adult,126,78,128,78,,,127,78,60,,98.4,98.6,98.7,,,106.2,106.1,106,,,,33.9,33.6,33.6,,,,,,,,56.5,56.4,56.2,,,,,,,,,
02ADL0021,17-Feb-17,,,,177.7,177.8,,177.8,70,80.4,80.4,,80.4,176.9,25.4,Regular Adult,108,68,110,60,,,109,64,64,,88.4,88.4,88.3,,,107.6,107.5,107.4,,,,30.3,30.2,30.3,,,,,,,,60.5,60.5,60.5,,,,,,,,,
02ADL0022,20-Feb-17,,,,177.6,177.5,,177.6,69.9,70.8,70.8,,70.8,155.8,22.4,Regular Adult,138,80,140,78,,,139,79,62,,82.8,82.8,82.1,,,91.7,91.5,91.5,,,,32.5,32.3,32.5,,,,,,,,50.2,50.1,50.2,,,,,,,,,
02ADL0023,22-Feb-17,,,,174.2,174.2,,174.2,68.6,83.2,83.2,,83.2,183,27.4,Regular Adult,122,76,120,74,,,121,75,60,,103.2,103.5,103.1,,,98.2,98.9,98.5,,,,35.3,35.3,35.4,,,,,,,,52.7,52.1,52.2,,,,,,,,,
02ADL0024,23-Feb-17,,,,168.5,168.5,,168.5,66.3,67.1,67.1,,67.1,147.6,23.6,Regular Adult,136,86,128,82,,,132,84,68,,80.5,80.6,80.6,,,91.3,91.5,91.6,,,,33.2,33.3,33.1,,,,,,,,52.6,52.8,52.6,,,,,,,,,
02ADL0025,27-Feb-17,,,,161.2,161.2,,161.2,63.5,86.4,86.4,,86.4,190.1,33.2,Regular Adult,140,90,142,92,,,141,91,72,,102.2,101.9,102,,,112,112.1,112.2,,,,35.3,35.5,35.2,,,,,,,,57.3,57.7,57.5,,,,,,,,,
02ADL0026,1-Mar-17,,,,184.1,184,,184.1,72.5,97.5,97.5,,97.5,214.5,28.8,Large Adult,100,72,104,72,,,102,72,72,,97.4,96.9,97.1,,,107.1,107.5,107.5,,,,37.4,37.8,37.7,,,,,,,,59.9,60.2,59.9,,,,,,,,,
02ADL0027,1-Mar-17,,,,168.6,168.9,,168.8,66.5,116.1,116.1,,116.1,255.4,40.7,Large Long,130,90,130,88,,,130,89,50,,112.2,112,,,,123.7,123.9,,,,,43.6,43.9,43.6,,,,,,,,70,69.9,,,,,,,,,,
02ADL0028,2-Mar-17,,,,186.2,186.2,,186.2,73.3,132.9,132.9,,132.9,292.4,38.3,Thigh,140,94,142,92,,,141,93,64,,116.8,117.1,116.6,,,127.1,127.5,127.4,,,,46.5,46.8,46.8,,,,,,,,74.1,74.6,74.7,,,,,,,,,
02ADL0029,3-Mar-17,,,,169.5,169.3,,169.4,66.7,64.5,64.5,,64.5,141.9,22.5,Regular Adult,90,58,90,58,,,90,58,80,,89.9,90,90.5,,,102.9,103,103.4,,,,30.2,29.9,30,,,,,,,,51.6,51.6,51.6,,,,,,,,,
02ADL0030,7-Mar-17,,,,159.8,160,,159.9,63,117.5,117.5,,117.5,258.5,46,Large Long,118,74,118,72,,,118,73,72,,125,125.2,124.8,,,128.1,127.7,127.6,,,,57.6,57.7,57.5,,,,,,,,67.3,67.2,67.3,,,,,,,,,
02ADL0031,8-Mar-17,,,,168.5,168.3,,168.4,66.3,78,78,,78,171.6,27.5,Regular Adult,134,80,150,80,160,100,148,87,66,,83.5,83.7,84.1,,,114.6,114.9,115,,,,33,32.8,32.8,,,,,,,,64.7,65,64.6,,,,,,,,,
02ADL0032,9-Mar-17,,,,169.9,169.8,,169.9,66.9,76.5,76.5,,76.5,168.3,26.5,Regular Adult,108,78,110,76,,,109,77,68,,86.6,86.9,86.9,,,109.7,109.5,109.9,,,,39,38.8,38.8,,,,,,,,60.6,60.7,60.9,,,,,,,,,
02ADL0033,10-Mar-17,,,,153,153,,153,60.2,73,73,,73,160.6,31.2,Regular Adult,124,88,124,90,,,124,89,76,,91.3,91.5,91.7,,,114.9,114.6,114.6,,,,31.9,31.6,31.6,,,,,,,,60.6,61,60.6,,,,,,,,,
02ADL0034,14-Mar-17,,,,167.3,167.3,,167.3,65.9,74.2,74.2,,74.2,163.2,26.5,Regular Adult,124,82,128,78,,,126,80,60,,85,85.4,85.5,,,96.5,96.3,96.5,,,,38.7,38.5,38.6,,,,,,,,57.9,57.9,57.7,,,,,,,,,
02ADL0035,14-Mar-17,,,,164.1,164.1,,164.1,64.6,63.2,63.2,,63.2,139,23.5,Regular Adult,104,72,102,68,,,103,70,62,,79.6,79.8,79.8,,,98.3,98.6,98.6,,,,27.5,27.5,27.6,,,,,,,,55.1,55,55,,,,,,,,,
02ADL0036,15-Mar-17,,,,176.3,176.3,,176.3,69.4,65.1,65.1,,65.1,143.2,20.9,Regular Adult,112,80,114,82,,,113,81,74,,72.5,72.7,72.5,,,94.7,95.1,95,,,,31.1,31.5,31,,,,,,,,51.6,52,51.9,,,,,,,,,
02ADL0037,16-Mar-17,,,,164.9,164.9,,164.9,64.9,60.2,60.2,,60.2,132.4,22.1,Regular Adult,96,64,94,68,,,95,66,60,,77,77.4,77.1,,,98.5,98.9,98.6,,,,27.6,27.5,27.6,,,,,,,,51.2,50.9,51.1,,,,,,,,,
02ADL0038,16-Mar-17,,,,156.8,156.8,,156.8,61.7,63.6,63.6,,63.6,139.9,25.9,Regular Adult,98,68,96,68,,,97,68,50,,82,82,82.2,,,99.7,99.8,99.5,,,,37.2,37,36.8,,,,,,,,55.9,55.8,55.9,,,,,,,,,
02ADL0039,17-Mar-17,,,,162.5,162.7,,162.6,64,69.7,69.7,,69.7,153.3,26.4,Regular Adult,104,82,108,82,,,106,82,84,,92.5,92.8,92.8,,,96.8,96.4,96.5,,,,31.2,31,31,,,,,,,,55.4,55.4,55.4,,,,,,,,,
02ADL0040,20-Mar-17,,,,169.9,170.1,,170,66.9,86.9,86.9,,86.9,191.2,30.1,Regular Adult,96,56,102,54,,,99,55,50,,94.1,93.7,94.2,,,112.2,112.2,112.2,,,,38.8,38.7,38.8,,,,,,,,59.9,59.7,59.5,,,,,,,,,
02ADL0041,21-Mar-17,,,,185.6,185.6,,185.6,73.1,103.3,103.3,,103.3,227.3,30,Large Adult,106,72,104,68,,,105,70,64,,99.9,99.8,100.1,,,105.5,105.7,105.6,,,,40.4,40.1,39.9,,,,,,,,63.5,63.6,63.6,,,,,,,,,
02ADL0042,22-Mar-17,,,,170.7,170.8,,170.8,67.2,83.6,83.6,,83.6,183.9,28.7,Large Adult,112,80,108,78,,,110,79,56,,93,92.9,93,,,105.6,105.7,105.9,,,,41.7,42,42,,,,,,,,59.1,59,59,,,,,,,,,
02ADL0043,22-Mar-17,,,,162.4,162.3,,162.4,63.9,94.6,94.6,,94.6,208.1,35.9,No Answer,,,,,,,,,,,103.5,103.1,103.7,,,128.2,128.5,128.4,,,,35.1,34.8,34.8,,,,,,,,68.7,68.5,68.7,,,,,,,,,
02ADL0044,23-Mar-17,,,,151.5,151.4,,151.5,59.6,55,55,,55,121,24,Regular Adult,112,76,112,76,,,112,76,64,,75,74.8,74.7,,,99.5,99.3,99.1,,,,29.7,29.9,29.6,,,,,,,,54.6,54.4,54.3,,,,,,,,,
02ADL0045,23-Mar-17,,,,156.9,156.8,,156.9,61.8,61.9,61.9,,61.9,136.2,25.1,Regular Adult,126,82,124,84,,,125,83,80,,93.1,93.5,93.1,,,95.5,95.4,95.3,,,,28.5,28.9,29,,,,,,,,47,47.5,47.4,,,,,,,,,
02ADL0046,24-Mar-17,,,,163.5,163.2,,163.4,64.3,119,119,,119,261.8,44.6,Large Adult,138,92,144,94,,,141,93,90,,129.5,129.3,129.5,,,150.1,151,151,,,,39.8,40,40.1,,,,,,,,67.6,67.9,67.7,,,,,,,,,
02ADL0047,24-Mar-17,,,,154.3,154.3,,154.3,60.7,61,61,,61,134.2,25.6,Regular Adult,104,70,104,66,,,104,68,76,,85.9,85.8,86.1,,,95.8,95.8,96,,,,33,33,32.8,,,,,,,,48.5,48.4,48.4,,,,,,,,,
02ADL0048,27-Mar-17,,,,146.1,146.2,,146.2,57.6,86.5,86.5,,86.5,190.3,40.5,Large Adult,120,82,124,82,,,122,82,96,,102.4,102,102.5,,,114.6,115,115.1,,,,39.8,39.4,39.5,,,,,,,,63,62.9,63.3,,,,,,,,,
02ADL0049,27-Mar-17,,,,157,157,,157,61.8,80.5,80.5,,80.5,177.1,32.7,Large Adult,138,74,138,74,,,138,74,64,,97,96.6,96.6,,,104.1,104.5,104.2,,,,38.5,38.7,38.8,,,,,,,,56.6,56.7,56.4,,,,,,,,,
02ADL0050,28-Mar-17,,,,159,159.3,,159.2,62.7,67.5,67.5,,67.5,148.5,26.6,Regular Adult,98,72,104,68,,,101,70,52,,80.4,80.5,80.6,,,103.4,103.7,103.5,,,,30.5,30.6,30.5,,,,,,,,56,56,56.2,,,,,,,,,
02ADL0051,29-Mar-17,,,,164.8,164.8,,164.8,64.9,71,71,,71,156.2,26.1,Regular Adult,118,72,116,70,,,117,71,60,,88.1,88.1,88.5,,,105.8,106.4,106.5,,,,31.4,31.5,31.2,,,,,,,,58.4,58.3,58.2,,,,,,,,,
02ADL0052,30-Mar-17,,,,157.8,157.8,,157.8,62.1,57.3,57.3,,57.3,126.1,23,Regular Adult,96,62,94,62,,,95,62,60,,77.5,77.4,77.7,,,98.6,98.4,98.4,,,,28.5,28.6,28.6,,,,,,,,52.6,52.5,52.4,,,,,,,,,
02ADL0053,31-Mar-17,,,,166.7,166.4,,166.6,65.6,76.8,76.8,,76.8,169,27.7,Large Adult,102,58,100,60,,,101,59,58,,83.7,84,83.6,,,111.9,111.8,112,,,,35.5,35.4,35.1,,,,,,,,62,62.2,62.2,,,,,,,,,
02ADL0054,3-Apr-17,,,,188,187.9,,188,74,142.1,142.1,,142.1,312.6,40.2,Large Long,112,70,120,68,116,69,116,69,64,,143.6,143.6,143.6,,,136.1,136.3,135.9,,,,45.6,45,44.9,,,,,,,,65,65.5,65.4,,,,,,,,,
02ADL0055,3-Apr-17,,,,178.4,178.4,,178.4,70.2,60.6,60.6,,60.6,133.3,19,Regular Adult,136,76,132,70,,,134,73,56,,76.4,76.7,76.4,,,93.3,93.1,92.9,,,,26.6,26.5,26.7,,,,,,,,46.5,46.5,46.5,,,,,,,,,
02ADL0056,4-Apr-17,,,,163.8,163.9,,163.9,64.5,66.9,66.9,,66.9,147.2,24.9,Regular Adult,112,84,112,82,,,112,83,62,,84,84,84.4,,,106.1,105.8,106,,,,31,31,30.8,,,,,,,,54.5,54.9,54.6,,,,,,,,,
02ADL0057,4-Apr-17,,,,169.7,169.7,,169.7,66.8,57.2,57.2,,57.2,125.8,19.9,Regular Adult,108,74,104,72,,,106,73,66,,74.5,75,75.4,,,92.6,92.5,92.7,,,,26.3,26.1,26,,,,,,,,48,48,48.2,,,,,,,,,
02ADL0058,5-Apr-17,,,,152.7,152.4,,152.6,60.1,95.1,95.1,,95.1,209.2,40.8,Large Adult,162,96,168,98,,,165,97,64,,106.3,106.6,106.7,,,127.4,127,127.3,,,,36,36.2,36,,,,,,,,73.4,73,73.3,,,,,,,,,
02ADL0059,5-Apr-17,,,,157.5,157.3,,157.4,62,70.2,70.2,,70.2,154.4,28.3,Regular Adult,144,78,146,78,,,145,78,74,,99.9,100.4,100.5,,,105.4,105.5,105.3,,,,31.1,31.2,30.9,,,,,,,,49.5,50,49.5,,,,,,,,,
02ADL0060,6-Apr-17,,,,171.9,171.9,,171.9,67.7,75.9,75.9,,75.9,167,25.7,Regular Adult,114,72,116,74,,,115,73,68,,85.5,85.4,85.1,,,105.1,105.2,105.1,,,,31.6,31.9,31.6,,,,,,,,55.4,55.5,55,,,,,,,,,
02ADL0061,6-Apr-17,,,,176.8,176.8,,176.8,69.6,80.3,80.3,,80.3,176.7,25.7,Large Adult,104,70,108,72,,,106,71,64,,83.5,83.9,84,,,99.6,100,99.6,,,,34.5,34.6,34.5,,,,,,,,58.1,58,58.3,,,,,,,,,
02ADL0062,7-Apr-17,,,,175.8,175.6,,175.7,69.2,55.4,55.4,,55.4,121.9,17.9,Regular Adult,98,62,98,58,,,98,60,66,,68,68.5,68.6,,,96.3,96.5,96.6,,,,25,24.9,24.8,,,,,,,,50.3,50.5,50.3,,,,,,,,,
02ADL0063,7-Apr-17,,,,163.3,163.1,,163.2,64.3,80.4,80.4,,80.4,176.9,30.2,Regular Adult,108,70,106,74,,,107,72,64,,94.3,94.6,94.2,,,105.3,105.5,105.4,,,,35.4,35.5,35.7,,,,,,,,52.4,52.3,52.5,,,,,,,,,
02ADL0064,10-Apr-17,,,,151.3,151.3,,151.3,59.6,51.5,51.5,,51.5,113.3,22.5,Regular Adult,98,74,98,70,,,98,72,70,,72.7,72.5,72.7,,,96.6,96.5,96.3,,,,27.5,27.6,27.4,,,,,,,,52.3,52.1,52.1,,,,,,,,,
02ADL0065,11-Apr-17,,,,179.6,179.6,,179.6,70.7,80.7,80.7,,80.7,177.5,25,Large Adult,108,72,112,74,,,110,73,62,,92.4,92.3,92.6,,,98.7,99,98.6,,,,36.3,36.2,35.9,,,,,,,,54.5,54.2,54.1,,,,,,,,,
02ADL0066,11-Apr-17,,,,159.6,159.6,,159.6,62.8,74.1,74.1,,74.1,163,29.1,Large Adult,112,68,112,64,112,66,112,66,70,,86.6,86.6,86.4,,,107.5,107.7,107.5,,,,33.3,33.3,33.3,,,,,,,,60.4,60.4,60.3,,,,,,,,,
02ADL0067,12-Apr-17,,,,182.6,182.4,,182.5,71.9,82.1,82.1,,82.1,180.6,24.7,Large Adult,122,74,116,76,,,119,75,60,,91.1,90.6,91,,,99.5,99.1,99.4,,,,34.7,34.8,34.9,,,,,,,,56.2,55.9,55.9,,,,,,,,,
02ADL0068,12-Apr-17,,,,160.9,161.1,,161,63.4,80.3,80.3,,80.3,176.7,31,Large Adult,120,68,116,70,,,118,69,72,,91.9,92,92.1,,,115.2,114.8,115.1,,,,35.2,34.9,34.8,,,,,,,,57.9,58.2,58.2,,,,,,,,,
02ADL0069,13-Apr-17,,,,163.8,163.6,,163.7,64.4,76.3,76.3,,76.3,167.9,28.5,Regular Adult,112,76,108,72,,,110,74,66,,93.9,94.4,93.9,,,107.5,107.6,107.7,,,,31.4,31,31.1,,,,,,,,58.7,58.5,58.7,,,,,,,,,
02ADL0070,13-Apr-17,,,,175.1,175,,175.1,68.9,103.3,103.3,,103.3,227.3,33.7,Large Adult,108,70,110,70,,,109,70,66,,104.7,105.1,104.9,,,110.7,110.9,110.6,,,,38.4,38.2,38.5,,,,,,,,64.4,64.3,64.4,,,,,,,,,
02ADL0071,19-Apr-17,,,,170.6,170.7,,170.7,67.2,79.6,79.6,,79.6,175.1,27.3,Large Adult,102,68,102,68,,,102,68,62,,92.3,91.9,92.4,,,116.2,116.4,116.6,,,,31.6,31.6,31.7,,,,,,,,61.7,61.5,61.6,,,,,,,,,
02ADL0072,21-Apr-17,,,,178.3,178.3,,178.3,70.2,79.7,79.7,,79.7,175.3,25.1,Regular Adult,136,90,138,90,,,137,90,70,,96,96.4,96.1,,,94.3,94.5,94.3,,,,32.9,32.9,32.8,,,,,,,,51.4,51.2,51.2,,,,,,,,,
02ADL0073,27-Apr-17,,,,169.1,169.4,,169.3,66.7,58.5,58.5,,58.5,128.7,20.4,Regular Adult,112,82,114,82,,,113,82,64,,78,77.9,78,,,97.1,97.4,97.5,,,,26.9,26.9,26.8,,,,,,,,49.5,49.7,49.7,,,,,,,,,
02ADL0074,27-Apr-17,,,,168.7,168.9,,168.8,66.5,64.4,64.4,,64.4,141.7,22.6,Regular Adult,126,70,124,72,,,125,71,68,,83,83.3,83.4,,,95.7,95.5,95.7,,,,29,29,29,,,,,,,,48.1,48.1,48.2,,,,,,,,,
02ADL0075,5-May-17,,,,175.6,175.9,,175.8,69.2,86,86,,86,189.2,27.8,Large Adult,114,80,108,76,,,111,78,52,,90.7,91.1,91,,,99.1,99.3,99.5,,,,36.9,36.7,36.7,,,,,,,,57.4,57.5,57.5,,,,,,,,,
02ADL0076,8-May-17,,,,165.2,165.4,,165.3,65.1,74.2,74.2,,74.2,163.2,27.2,Regular Adult,110,82,114,84,,,112,83,94,,90.9,90.9,91.1,,,105.1,105,105.3,,,,29,28.8,28.7,,,,,,,,61.3,60.9,61.4,,,,,,,,,
02ADL0077,8-May-17,,,,180.5,180.7,,180.6,71.1,77.5,77.5,,77.5,170.5,23.8,Regular Adult,108,76,112,72,,,110,74,64,,85.6,85.7,85.4,,,97.8,98,98.1,,,,33.8,33.7,33.6,,,,,,,,52.5,52.5,52.5,,,,,,,,,
02ADL0078,9-May-17,,,,176.5,176.7,,176.6,69.5,92.3,92.3,,92.3,203.1,29.6,Regular Adult,122,82,126,84,,,124,83,66,,113.5,113.4,113.5,,,102.6,102.6,102.7,,,,34.6,34.6,33.9,,,,,,,,52,52.1,52.1,,,,,,,,,
02ADL0079,10-May-17,,,,185.9,185.9,,185.9,73.2,92.7,92.7,,92.7,203.9,26.8,Regular Adult,120,72,116,74,,,118,73,70,,94.4,94.3,94.4,,,111.4,111.5,111.4,,,,34.9,35.2,35,,,,,,,,59.1,59.4,59.1,,,,,,,,,
02ADL0080,11-May-17,,,,162.6,162.6,,162.6,64,67.3,67.3,,67.3,148.1,25.5,Regular Adult,126,80,128,80,,,127,80,68,,81.3,81.5,81.3,,,106,106.2,106.1,,,,29.4,29.4,29.2,,,,,,,,52.3,52.5,52.6,,,,,,,,,
02ADL0081,12-May-17,,,,181.1,181.1,,181.1,71.3,99.3,99.3,,99.3,218.5,30.3,Large Adult,128,84,124,82,,,126,83,68,,99.1,99.2,99.5,,,106.3,106.5,106.3,,,,39.6,39.6,39.4,,,,,,,,63.5,63.4,63.4,,,,,,,,,
02ADL0082,15-May-17,,,,178.6,178.5,,178.6,70.3,77.3,77.3,,77.3,170.1,24.2,Large Adult,112,74,108,66,,,110,70,66,,82.2,82.4,82.5,,,97.4,97.5,97.5,,,,34.4,34.4,34.4,,,,,,,,53.6,53.6,53.5,,,,,,,,,
02ADL0083,15-May-17,,,,155.9,155.8,,155.9,61.4,68.6,68.6,,68.6,150.9,28.2,Regular Adult,130,78,132,74,,,131,76,58,,82.4,82.2,82.5,,,102.4,102.6,102.7,,,,32.2,32.3,32.1,,,,,,,,56,56.2,55.9,,,,,,,,,
02ADL0084,16-May-17,,,,151.4,151.2,,151.3,59.6,82.9,82.9,,82.9,182.4,36.2,Large Adult,112,64,110,62,,,111,63,54,,99,98.7,99,,,123.4,123.3,123.5,,,,34.4,34.2,34.2,,,,,,,,65.4,65.4,65.5,,,,,,,,,
02ADL0085,16-May-17,,,,175.7,175.8,,175.8,69.2,92.2,92.2,,92.2,202.8,29.8,Large Adult,114,74,108,72,,,111,73,52,,106.8,106.5,106.8,,,105.9,106,106.1,,,,34.5,34.5,34.4,,,,,,,,55.3,55.5,55.5,,,,,,,,,
02ADL0086,17-May-17,,,,159.2,159.6,,159.4,62.8,89.5,89.5,,89.5,196.9,35.2,Large Adult,108,64,108,68,,,108,66,64,,104.3,104.2,104.1,,,121.5,121.6,121.3,,,,33.1,33,33,,,,,,,,71,71.5,71,,,,,,,,,
02ADL0087,17-May-17,,,,176.4,176.1,,176.3,69.4,98.8,98.8,,98.8,217.4,31.8,Large Adult,136,90,138,90,,,137,90,66,,101,101.1,101.5,,,108.5,108.7,108.8,,,,40,40.1,40,,,,,,,,60.9,61,60.9,,,,,,,,,
02ADL0088,18-May-17,,,,174.3,174.5,,174.4,68.7,60.5,60.5,,60.5,133.1,19.9,Regular Adult,102,68,98,70,,,100,69,76,,71.1,71,71.5,,,97.7,98,98,,,,27.4,27.4,27.3,,,,,,,,51.1,50.9,51,,,,,,,,,
02ADL0089,18-May-17,,,,172.3,172.3,,172.3,67.8,88.6,88.6,,88.6,194.9,29.8,Regular Adult,132,88,136,88,,,134,88,52,,94.5,95,94.8,,,115.8,115.4,115.5,,,,31.7,31.5,31.5,,,,,,,,55.5,55.6,55.1,,,,,,,,,
02ADL0090,19-May-17,,,,167,167.2,,167.1,65.8,99,99,,99,217.8,35.5,Large Adult,96,70,104,66,,,100,68,76,,106,106,106,,,130,130,130.5,,,,37.4,37.4,37.2,,,,,,,,58.1,58.5,58.6,,,,,,,,,
02ADL0091,23-May-17,,,,178.1,178.4,,178.3,70.2,106.3,106.3,,106.3,233.9,33.4,Large Adult,108,80,106,76,,,107,78,66,,105,105.5,105,,,112.1,112,111.8,,,,39.5,39.6,40,,,,,,,,60.5,60.6,60.5,,,,,,,,,
02ADL0092,26-May-17,,,,169.7,169.7,,169.7,66.8,91.8,91.8,,91.8,202,31.9,Large Adult,122,82,124,84,,,123,83,74,,101.4,101.6,101.5,,,115.1,115.5,115.2,,,,36.4,36.5,36,,,,,,,,63,63.1,63,,,,,,,,,
02ADL0093,29-May-17,,,,179,179.1,,179.1,70.5,78.6,78.6,,78.6,172.9,24.5,Regular Adult,114,86,116,84,,,115,85,74,,101.6,101.6,101.8,,,97.9,98.1,98.1,,,,29.9,30,29.9,,,,,,,,52.5,52.6,52.3,,,,,,,,,
02ADL0094,30-May-17,,,,163.1,162.9,,163,64.2,92,92,,92,202.4,34.6,Large Adult,118,64,110,60,,,114,62,60,,100.5,100.6,100.5,,,114.8,115.1,115.2,,,,34.6,34.8,34.7,,,,,,,,64.8,64,64.4,,,,,,,,,
02ADL0095,31-May-17,,,,152.2,152.3,,152.3,60,52.8,52.8,,52.8,116.2,22.8,Regular Adult,96,64,94,64,,,95,64,64,,75.3,75.3,75.1,,,95,95.1,95,,,,27.5,27.3,27.3,,,,,,,,52.4,52.4,52.3,,,,,,,,,
02ADL0096,31-May-17,,,,177.3,177.5,,177.4,69.8,75.2,75.2,,75.2,165.4,23.9,Regular Adult,104,66,102,72,,,103,69,48,,81.1,80.9,81.1,,,108.1,108,108,,,,28.4,28.4,28.6,,,,,,,,60,60.1,60.2,,,,,,,,,
02ADL0097,1-Jun-17,,,,182.5,182.3,,182.4,71.8,124.1,124.1,,124.1,273,37.3,Large Long,130,82,132,80,,,131,81,82,,116.4,116.6,116.5,,,124.1,124.4,124.1,,,,41.4,41.4,41.3,,,,,,,,73.5,73.5,73.6,,,,,,,,,
02ADL0098,2-Jun-17,,,,152.4,152.4,,152.4,60,57.2,57.2,,57.2,125.8,24.6,Regular Adult,98,60,98,62,,,98,61,64,,73.5,73.5,73.6,,,95.9,96.1,95.8,,,,30.9,30.9,31,,,,,,,,53.1,53.1,53.2,,,,,,,,,
02ADL0099,5-Jun-17,,,,182.3,182,,182.2,71.7,81.2,81.2,,81.2,178.6,24.5,Regular Adult,112,76,114,74,,,113,75,56,,82.8,83.1,82.7,,,102.4,101.9,102,,,,32.1,32.3,32.1,,,,,,,,60.7,60.7,60.7,,,,,,,,,
02ADL0100,6-Jun-17,,,,162.8,162.9,,162.9,64.1,66.5,66.5,,66.5,146.3,25.1,Regular Adult,114,82,120,82,,,117,82,78,,91.5,92,91.6,,,94.4,94.3,94.5,,,,31.9,31.8,31.8,,,,,,,,52.9,53.3,52.9,,,,,,,,,
02ADL0101,7-Jun-17,,,,161.4,161.2,,161.3,63.5,74.1,74.1,,74.1,163,28.5,Regular Adult,120,78,124,78,,,122,78,82,,84.7,85.1,84.9,,,109.1,108.9,109,,,,31.6,31.6,31.6,,,,,,,,62.3,62.1,62.1,,,,,,,,,
02ADL0102,8-Jun-17,,,,170,170,,170,66.9,59.8,59.8,,59.8,131.6,20.7,Regular Adult,106,68,114,68,,,110,68,64,,78.2,78.2,78.3,,,98.8,98.8,99.1,,,,28.3,28.2,28.1,,,,,,,,49.3,49.1,49.4,,,,,,,,,
02ADL0103,8-Jun-17,,,,167.3,167.4,,167.4,65.9,66.7,66.7,,66.7,146.7,23.8,Regular Adult,110,82,106,82,,,108,82,48,,81.4,81.6,81.4,,,98.8,98.6,98.8,,,,27.5,27.5,27.5,,,,,,,,50.4,50.6,50.5,,,,,,,,,
02ADL0104,9-Jun-17,,,,181.8,182,,181.9,71.6,88.4,88.4,,88.4,194.5,26.7,Large Adult,122,68,120,72,,,121,70,40,,96.7,96.5,96.4,,,94.6,94.7,94.7,,,,37.4,37.3,37.3,,,,,,,,54.5,54.5,54.5,,,,,,,,,
02ADL0105,9-Jun-17,,,,159.9,159.9,,159.9,63,60.7,60.7,,60.7,133.5,23.7,Regular Adult,94,66,96,64,,,95,65,74,,78.5,78.5,78.5,,,104.3,103.9,104.1,,,,28.6,28.1,28.1,,,,,,,,57.1,56.8,56.9,,,,,,,,,
02ADL0106,13-Jun-17,,,,175.6,176,,175.8,69.2,95.3,95.3,,95.3,209.7,30.8,Large Adult,110,80,108,84,,,109,82,74,,93.9,93.7,93.7,,,110,110.1,110,,,,40.7,40.5,40.4,,,,,,,,64.9,65.1,64.9,,,,,,,,,
02ADL0107,14-Jun-17,,,,172.8,172.6,,172.7,68,107,107,,107,235.4,35.9,Large Adult,108,74,106,74,,,107,74,66,,132,132.2,132.5,,,100.9,100.8,101.1,,,,34.5,34.5,34.4,,,,,,,,55.2,55.2,55.2,,,,,,,,,
02ADL0108,15-Jun-17,,,,154.6,154.9,,154.8,60.9,90.7,90.7,,90.7,199.5,37.8,Large Adult,124,82,120,78,,,122,80,76,,107.5,107.4,108,,,129.5,129,129.3,,,,38.6,38.4,38.4,,,,,,,,65.5,65.3,65.2,,,,,,,,,
02ADL0109,16-Jun-17,,,,176.1,175.9,,176,69.3,91.4,91.4,,91.4,201.1,29.5,Large Adult,122,88,122,80,,,122,84,56,,93.1,93.3,93.5,,,103.4,103.6,103.4,,,,37.7,37.7,37.8,,,,,,,,59.9,60,60,,,,,,,,,
02ADL0110,19-Jun-17,,,,169.4,169.3,,169.4,66.7,75,75,,75,165,26.1,Regular Adult,114,76,112,78,,,113,77,64,,86.4,86.6,86.6,,,103.5,103.8,103.9,,,,32.8,32.8,32.9,,,,,,,,58.5,58.8,58.7,,,,,,,,,
02ADL0111,20-Jun-17,,,,176,176.1,,176.1,69.3,117,117,,117,257.4,37.7,Large Adult,122,64,120,60,,,121,62,60,,117,117,117.1,,,122.2,122.1,121.9,,,,43,42.9,42.8,,,,,,,,73.5,73.6,73.7,,,,,,,,,
02ADL0112,21-Jun-17,,,,168.4,168.5,,168.5,66.3,46.9,46.9,,46.9,103.2,16.5,Small Adult/Child,106,76,106,76,,,106,76,68,,64.9,64.7,64.8,,,87.9,87.9,87.8,,,,21.9,21.9,21.9,,,,,,,,42.2,42.1,42,,,,,,,,,
02ADL0113,22-Jun-17,,,,177.7,177.7,,177.7,70,103.5,103.5,,103.5,227.7,32.8,Large Adult,102,80,102,78,,,102,79,70,,95.1,95,95.1,,,116.7,116.9,116.6,,,,39.9,39.6,39.8,,,,,,,,68.1,68.5,68.1,,,,,,,,,
02ADL0114,22-Jun-17,,,,173.8,173.9,,173.9,68.5,148.7,148.7,,148.7,327.1,49.2,Large Long,112,74,114,78,,,113,76,60,,133.5,133,133,,,133.3,133.5,133.2,,,,51.4,51.2,51.4,,,,,,,,82.8,82.8,82.7,,,,,,,,,
02ADL0115,23-Jun-17,,,,166.9,166.8,,166.9,65.7,61.6,61.6,,61.6,135.5,22.1,Regular Adult,108,70,110,70,,,109,70,70,,74.7,74.7,74.6,,,88.4,88.2,88.3,,,,28.4,28.5,28.5,,,,,,,,52,52,51.9,,,,,,,,,
02ADL0116,26-Jun-17,,,,192.2,192.3,,192.3,75.7,94.4,94.4,,94.4,207.7,25.5,Large Adult,120,76,118,76,,,119,76,64,,89,89.1,89.2,,,104.2,104.3,104.3,,,,36,36.2,36.1,,,,,,,,63.2,63.4,63.2,,,,,,,,,
02ADL0117,26-Jun-17,,,,168.4,168.4,,168.4,66.3,76.3,76.3,,76.3,167.9,26.9,Regular Adult,116,82,112,78,,,114,80,62,,82.6,82.7,82.6,,,104.3,104.3,104.5,,,,33.5,33.6,33.5,,,,,,,,58.3,58.3,58.3,,,,,,,,,
02ADL0118,27-Jun-17,,,,166.9,167,,167,65.7,69.3,69.3,,69.3,152.5,24.8,Regular Adult,106,72,106,74,,,106,73,70,,82.1,82.6,82.3,,,104,104.1,104.2,,,,28.6,28.6,28.6,,,,,,,,55.4,55.6,55.5,,,,,,,,,
02ADL0119,27-Jun-17,,,,179.2,179.4,,179.3,70.6,75.2,75.2,,75.2,165.4,23.4,Regular Adult,122,70,126,74,,,124,72,54,,79.9,79.8,80.2,,,97.8,98.2,97.9,,,,30.5,30.5,30.5,,,,,,,,52.4,52.4,52.3,,,,,,,,,
02ADL0120,28-Jun-17,,,,166,166.3,,166.2,65.4,94.6,94.6,,94.6,208.1,34.2,Large Adult,126,72,116,68,,,121,70,70,,103.7,103.5,103.9,,,118.8,118.9,119,,,,35.8,36,35.8,,,,,,,,63,63,62.8,,,,,,,,,
02ADL0121,28-Jun-17,,,,164.5,164.3,,164.4,64.7,47.8,47.9,,47.9,105.4,17.7,Small Adult/Child,110,76,118,80,,,114,78,60,,68.9,68.6,68.5,,,90.2,90.2,90.5,,,,24.2,24.1,24.2,,,,,,,,44,44,44,,,,,,,,,
02ADL0122,29-Jun-17,,,,170,170.2,,170.1,67,76.7,76.7,,76.7,168.7,26.5,Regular Adult,120,84,114,84,,,117,84,74,,103.2,103.3,103.2,,,95.1,95,95.1,,,,32.4,32.6,32.5,,,,,,,,51,50.9,51.2,,,,,,,,,
02ADL0123,3-Jul-17,,,,155.5,155.7,,155.6,61.3,61.6,61.6,,61.6,135.5,25.4,Regular Adult,160,86,158,80,,,159,83,60,,74.1,74.2,74.5,,,104.4,105,104.7,,,,31.7,31.6,31.6,,,,,,,,54,54.3,54.5,,,,,,,,,
02ADL0124,6-Jul-17,,,,149.4,149.4,,149.4,58.8,49,49,,49,107.8,22,Regular Adult,132,92,134,92,,,133,92,66,,80,80,80,,,85.6,85.4,85.6,,,,27.5,27.6,27.4,,,,,,,,45.9,45.9,45.9,,,,,,,,,
02ADL0125,6-Jul-17,,,,176.7,177,,176.9,69.6,65.1,65.1,,65.1,143.2,20.8,Regular Adult,124,82,128,84,,,126,83,66,,81.6,81.5,81.4,,,93.1,93,93.2,,,,29.3,29.5,29.1,,,,,,,,48.4,48.5,48.5,,,,,,,,,
02ADL0126,11-Jul-17,,,,177.3,177.4,,177.4,69.8,105,105,,105,231,33.4,Large Adult,122,80,122,82,,,122,81,80,,105.6,105.9,105.9,,,113.8,113.5,113.5,,,,39.8,39.9,40,,,,,,,,64.8,64.8,65,,,,,,,,,
02ADL0127,11-Jul-17,,,,166.4,166.5,,166.5,65.6,67.6,67.6,,67.6,148.7,24.4,Regular Adult,140,70,148,66,,,144,68,46,,82.1,82.1,82,,,102.3,102,102.5,,,,28.1,28,28.1,,,,,,,,55.1,54.9,55.1,,,,,,,,,
02ADL0128,13-Jul-17,,,,173,173.2,,173.1,68.1,84.3,84.3,,84.3,185.5,28.1,Large Adult,108,72,110,74,,,109,73,56,,93.5,93.3,93.1,,,105.2,105.5,105.4,,,,34,34.1,34,,,,,,,,59.4,59.6,59.5,,,,,,,,,
02ADL0129,14-Jul-17,,,,185,185,,185,72.8,87.7,87.6,,87.7,192.9,25.6,Large Adult,114,68,108,70,,,111,69,58,,92.3,92,92.1,,,103.2,103.1,103.3,,,,34.4,34.4,34.4,,,,,,,,57.2,57.2,57.2,,,,,,,,,
02ADL0130,18-Jul-17,,,,169.8,170.1,,170,66.9,95.2,95.2,,95.2,209.4,32.9,Large Adult,102,66,102,68,,,102,67,50,,103.4,103.5,103.7,,,118.2,118.2,118.3,,,,36.4,36.5,36.3,,,,,,,,65.5,65.5,65.7,,,,,,,,,
02ADL0131,18-Jul-17,,,,190.1,190.3,,190.2,74.9,72.7,72.7,,72.7,159.9,20.1,Regular Adult,108,80,110,72,,,109,76,60,,81.1,81.1,81.3,,,98.4,98.2,98.4,,,,28.5,28.3,28.5,,,,,,,,48.7,48.8,48.7,,,,,,,,,
02ADL0132,19-Jul-17,,,,160.1,160.1,,160.1,63,63.7,63.7,,63.7,140.1,24.9,Regular Adult,90,58,92,62,,,91,60,70,,81.9,82,82,,,102.4,102.6,102.9,,,,29,28.8,28.9,,,,,,,,55,54.7,54.8,,,,,,,,,
02ADL0133,20-Jul-17,,,,188.1,188.1,,188.1,74.1,82.4,82.4,,82.4,181.3,23.3,Regular Adult,112,84,116,84,,,114,84,58,,93.1,93.5,93.6,,,100.5,100.7,100.6,,,,29.3,29.5,29.5,,,,,,,,53.4,53.4,53.5,,,,,,,,,
02ADL0134,20-Jul-17,,,,172.6,172.8,,172.7,68,94.4,94.4,,94.4,207.7,31.7,Large Adult,116,82,114,82,,,115,82,60,,97.2,97.3,97.1,,,109.4,109.3,109.2,,,,39.7,39.4,39.4,,,,,,,,62.6,62.6,62.9,,,,,,,,,
02ADL0135,21-Jul-17,,,,169,169.4,,169.2,66.6,118.9,118.9,,118.9,261.6,41.5,Large Long,104,78,102,78,,,103,78,76,,122.7,122.6,122.9,,,120.5,121.1,120.5,,,,45.5,45.4,45.4,,,,,,,,74.4,74.3,74.5,,,,,,,,,
02ADL0136,24-Jul-17,,,,170.5,170.5,,170.5,67.1,68.4,68.4,,68.4,150.5,23.5,Regular Adult,132,76,136,72,,,134,74,70,,90.1,90.5,90.6,,,93.7,93.6,93.6,,,,29.2,29.1,28.9,,,,,,,,50.5,50.4,50.6,,,,,,,,,
02ADL0137,24-Jul-17,,,,153.6,153.4,,153.5,60.4,56.4,56.4,,56.4,124.1,23.9,Regular Adult,112,72,110,74,,,111,73,74,,87.3,87.7,87.7,,,98.4,98.5,98.6,,,,26,26,26,,,,,,,,52.6,52.8,52.7,,,,,,,,,
02ADL0138,25-Jul-17,,,,159.7,159.9,,159.8,62.9,43.8,43.8,,43.8,96.4,17.2,Small Adult/Child,108,82,106,82,,,107,82,66,,70,70.1,70.1,,,81.9,82,82.1,,,,22,22,22,,,,,,,,42.4,42.2,42.2,,,,,,,,,
02ADL0139,25-Jul-17,,,,182.2,182.5,,182.4,71.8,113.2,113.2,,113.2,249,34,Large Adult,108,74,110,76,,,109,75,76,,123.6,123.6,123.5,,,112.5,112.7,112.4,,,,36,36.1,36,,,,,,,,63.4,63.5,63.4,,,,,,,,,
02ADL0140,27-Jul-17,,,,185.1,185.1,,185.1,72.9,97.6,97.6,,97.6,214.7,28.5,Large Adult,164,112,172,114,,,168,113,68,,95.8,95.5,95.8,,,107.9,108.1,108.1,,,,35.2,35.2,35.2,,,,,,,,55.5,55.3,55.5,,,,,,,,,
02ADL0141,27-Jul-17,,,,183.7,183.4,,183.6,72.3,127.4,127.4,,127.4,280.3,37.8,Large Adult,118,74,116,74,,,117,74,58,,130.2,130.4,130.5,,,125.1,125.5,124.8,,,,39.3,39.3,39.5,,,,,,,,62.7,62.5,62.5,,,,,,,,,
02ADL0142,28-Jul-17,,,,175.8,176.1,,176,69.3,77.5,77.5,,77.5,170.5,25,Regular Adult,122,84,116,80,,,119,82,62,,94.1,94.2,94.1,,,99.4,99.5,99.5,,,,31.9,31.9,31.9,,,,,,,,50.5,50.4,50.5,,,,,,,,,
02ADL0143,28-Jul-17,,,,172.6,172.6,,172.6,68,52.3,52.3,,52.3,115.1,17.6,Small Adult/Child,102,60,100,60,,,101,60,56,,72.3,72.1,72.4,,,93.4,93.3,93.2,,,,23,23,23,,,,,,,,42.8,43,42.8,,,,,,,,,
02ADL0144,31-Jul-17,,,,159.2,159.3,,159.3,62.7,51.2,51.2,,51.2,112.6,20.2,Regular Adult,104,74,104,70,,,104,72,62,,72.2,72.4,72.2,,,93.9,93.7,93.7,,,,26.1,26.1,25.9,,,,,,,,50.4,50.4,50.4,,,,,,,,,
02ADL0145,1-Aug-17,,,,166,165.9,,166,65.4,82.2,82.2,,82.2,180.8,29.8,Regular Adult,118,84,118,82,,,118,83,76,,93.6,93.6,93.6,,,116.7,116.9,116.7,,,,30.8,31.1,30.9,,,,,,,,62.6,62.5,62.5,,,,,,,,,
02ADL0146,1-Aug-17,,,,160.1,159.8,,160,63,92.4,92.5,,92.5,203.5,36.1,Large Adult,142,84,146,86,,,144,85,62,,114.4,114,114.5,,,122.2,122.6,122.1,,,,38.4,38.6,38.5,,,,,,,,63.9,63.9,64,,,,,,,,,
02ADL0147,3-Aug-17,,,,179.2,179.6,,179.4,70.6,68.7,68.7,,68.7,151.1,21.3,Regular Adult,138,78,136,78,,,137,78,60,,89.5,89,89.5,,,96.5,96.6,96.5,,,,30.1,30.1,30.1,,,,,,,,46.2,46.2,46.3,,,,,,,,,
02ADL0148,4-Aug-17,,,,169.7,169.9,,169.8,66.9,57.2,57.2,,57.2,125.8,19.8,Regular Adult,120,76,118,72,,,119,74,54,,73.3,73.5,73.5,,,92.2,92.1,92.1,,,,25.3,25.2,25.3,,,,,,,,49.5,49.6,49.5,,,,,,,,,
02ADL0149,7-Aug-17,,,,162.6,162.8,,162.7,64.1,67.5,67.5,,67.5,148.5,25.5,Regular Adult,112,70,110,74,,,111,72,56,,80.1,80.5,80.4,,,97.5,97.6,97.6,,,,33.1,33.2,33,,,,,,,,54,54.2,54,,,,,,,,,
02ADL0150,8-Aug-17,,,,160.8,160.9,,160.9,63.3,53.3,53.3,,53.3,117.3,20.6,Small Adult/Child,92,54,98,60,95,57,95,57,54,,73.1,73.3,73.2,,,89.7,90,89.7,,,,23.5,23.6,23.5,,,,,,,,49.9,49.9,49.9,,,,,,,,,
02ADL0151,14-Aug-17,,,,166.7,166.8,,166.8,65.7,92.6,92.6,,92.6,203.7,33.3,Large Adult,126,74,128,72,,,127,73,58,,105,105.4,105.2,,,118.2,118.5,118.6,,,,40,39.9,39.8,,,,,,,,63.4,63.3,63.3,,,,,,,,,
02ADL0152,16-Aug-17,,,,152.5,152.6,,152.6,60.1,75,75,,75,165,32.2,Regular Adult,106,62,102,60,,,104,61,52,,97,97.4,97.5,,,113.2,113,113.1,,,,33.7,33.6,33.7,,,,,,,,64.5,64.3,64.4,,,,,,,,,
02ADL0153,17-Aug-17,,,,159.9,159.4,,159.7,62.9,91.1,91.1,,91.1,200.4,35.7,Large Adult,92,70,108,68,,,100,69,66,,,,,,,,,,,,,,,,,,,,,,,,,,,,,,,,,,
02ADL0154,18-Aug-17,,,,160.8,161,,160.9,63.3,43.3,43.3,,43.3,95.3,16.7,Small Adult/Child,92,70,94,70,,,93,70,80,,66.5,66.3,66.7,,,85,85,84.9,,,,21.1,21.2,21.2,,,,,,,,42.2,42.1,42.2,,,,,,,,,
02ADL0155,23-Aug-17,,,,164.6,164.6,,164.6,64.8,104.6,104.6,,104.6,230.1,38.6,Large Adult,106,70,108,74,,,107,72,64,,116.1,116.1,116,,,122.4,122.1,122.1,,,,35.6,35.6,35.5,,,,,,,,69.1,69.4,69.4,,,,,,,,,
02ADL0156,11-Sep-17,,,,168.9,168.9,,168.9,66.5,58.4,58.4,,58.4,128.5,20.5,Regular Adult,114,62,108,60,,,111,61,64,,81.5,81,81.1,,,88.6,88.5,88.5,,,,26.9,26.8,26.6,,,,,,,,41.9,41.6,41.7,,,,,,,,,
02ADL0157,12-Sep-17,,,,187.7,187.8,,187.8,73.9,93.6,93.6,,93.6,205.9,26.5,Large Adult,130,82,132,78,,,131,80,50,,89.5,89.5,89.6,,,103.7,103.9,103.6,,,,36.5,36.4,36.4,,,,,,,,59.5,59.7,59.8,,,,,,,,,
02ADL0158,19-Sep-17,,,,179.5,179.6,,179.6,70.7,85.5,85.5,,85.5,188.1,26.5,Large Adult,120,74,118,74,,,119,74,64,,85.5,85.8,85.6,,,104.2,104.4,104.5,,,,34,34.1,34.1,,,,,,,,60.2,60,60.4,,,,,,,,,
02ADL0159,26-Sep-17,,,,172.3,172.4,,172.4,67.9,80.5,80.5,,80.5,177.1,27.1,Large Adult,114,72,112,72,,,113,72,48,,84.9,84.7,84.6,,,103.9,104.1,103.9,,,,36.4,36.4,36.3,,,,,,,,57.4,57.4,57.5,,,,,,,,,
02ADL0160,28-Sep-17,,,,168.3,168.5,,168.4,66.3,65.9,65.9,,65.9,145,23.2,Regular Adult,136,74,130,76,,,133,75,60,,85.6,85.5,85.6,,,87.8,87.8,87.8,,,,28.4,28.4,28.5,,,,,,,,48,47.6,47.7,,,,,,,,,
02ADL0161,29-Sep-17,,,,164.4,164.5,,164.5,64.8,77.9,77.9,,77.9,171.4,28.8,Regular Adult,130,82,132,84,,,131,83,68,,99.2,99.5,99.7,,,102.5,102,102.3,,,,30.5,30.4,30.7,,,,,,,,52,51.8,52,,,,,,,,,
02ADL0162,29-Sep-17,,,,180.6,180.6,,180.6,71.1,80.8,80.8,,80.8,177.8,24.8,Large Adult,130,80,132,78,,,131,79,70,,75.6,75.6,75.8,,,100,100.2,99.9,,,,32.7,32.6,32.6,,,,,,,,58.6,58.4,58.4,,,,,,,,,
02ADL0163,5-Oct-17,,,,173.1,173.2,,173.2,68.2,122.8,122.8,,122.8,270.2,40.9,Large Long,116,84,114,84,,,115,84,84,,125.6,125.5,125.5,,,117.8,118,118.3,,,,43.6,43.5,43.5,,,,,,,,69.4,68.9,68.8,,,,,,,,,
02ADL0164,10-Oct-17,,,,172.4,172.4,,172.4,67.9,94,94,,94,206.8,31.6,Large Adult,114,84,110,82,,,112,83,72,,101.2,102,101.5,,,119,118.8,119.1,,,,35.6,35.5,35.6,,,,,,,,55.3,55.4,55.5,,,,,,,,,
02ADL0165,13-Oct-17,,,,157.1,156.9,,157,61.8,75.3,75.3,,75.3,165.7,30.5,Large Adult,110,64,110,64,,,110,64,66,,89.5,89.6,89.5,,,108.9,108.8,108.9,,,,32.9,33.5,33.5,,,,,,,,60.1,60,59.8,,,,,,,,,
02ADL0166,20-Oct-17,,,,159.1,159.1,,159.1,62.6,61.2,61.2,,61.2,134.6,24.2,Regular Adult,110,62,106,64,,,108,63,70,,80.4,80.1,80.4,,,99.9,99.7,99.7,,,,29.2,29.1,29.2,,,,,,,,55.4,55.4,55.4,,,,,,,,,
02ADL0167,27-Oct-17,,,,175.5,175.5,,175.5,69.1,85.8,85.8,,85.8,188.8,27.9,Regular Adult,132,74,128,74,,,130,74,74,,102.2,102.5,102.4,,,98.6,98.6,98.7,,,,33.3,33.6,33.4,,,,,,,,51.8,51.7,52,,,,,,,,,
02ADL0168,27-Oct-17,,,,176.7,176.7,,176.7,69.6,86.8,86.9,,86.9,191.2,27.8,Regular Adult,110,76,110,76,,,110,76,82,,103.6,103.5,104,,,98.8,99,99.2,,,,32.1,32,32.1,,,,,,,,54.1,53.9,54,,,,,,,,,
02ADL0169,8-Nov-17,,,,158.6,158.6,,158.6,62.4,55.6,55.6,,55.6,122.3,22.1,Regular Adult,114,72,112,72,,,113,72,70,,85.5,85.5,85.3,,,94.5,94.6,94.6,,,,26.2,26.2,26.3,,,,,,,,45.4,45.6,45.4,,,,,,,,,
02ADL0170,8-Nov-17,,,,158.8,158.6,,158.7,62.5,117.2,117.2,,117.2,257.8,46.5,Large Adult,126,84,128,84,,,127,84,,,123.1,123.1,123.2,,,130.5,130.2,130.1,,,,38.5,38.6,38.7,,,,,,,,70.1,70.5,70.1,,,,,,,,,
02ADL0171,9-Nov-17,,,,176.4,176.7,,176.6,69.5,76.5,76.5,,76.5,168.3,24.5,Regular Adult,122,70,130,70,,,126,70,62,,88.6,88.3,88.5,,,98.8,99,98.9,,,,29.9,29.7,29.8,,,,,,,,54,54,53.9,,,,,,,,,
02ADL0172,10-Nov-17,,,,159.1,159,,159.1,62.6,66.1,66.1,,66.1,145.4,26.1,Regular Adult,96,62,92,60,,,94,61,74,,82.3,82.5,82.5,,,100.1,100.1,100.2,,,,28.9,29,29,,,,,,,,54.3,54.3,54.2,,,,,,,,,
02ADL0173,14-Nov-17,,,,154.2,154.1,,154.2,60.7,66.2,66.2,,66.2,145.6,27.8,Regular Adult,108,60,102,64,,,105,62,60,,87.5,87.5,87,,,102.1,102.5,102.5,,,,30,30.1,30,,,,,,,,52,51.9,51.6,,,,,,,,,
02ADL0174,,,,,,,,,,,,,,,,,,,,,,,,,,,,,,,,,,,,,,,,,,,,,,,,,,,,,,,,,,,
02ADL0175,14-Nov-17,,,,183.3,183,,183.2,72.1,111.2,111.2,,111.2,244.6,33.1,Large Adult,120,82,120,80,,,120,81,78,,115.2,115.5,115.7,,,113.5,114,114,,,,40.4,40.5,40.5,,,,,,,,61.4,61.1,61.1,,,,,,,,,
02ADL0176,16-Nov-17,,,,162.4,162.2,,162.3,63.9,42.2,42.2,,42.2,92.8,16,Small Adult/Child,146,78,144,82,,,145,80,58,,66.5,66.4,66.2,,,82,81.9,82,,,,23.9,23.9,23.9,,,,,,,,40.2,40,40,,,,,,,,,
02ADL0177,29-Nov-17,,,,158.5,158.7,,158.6,62.4,54.1,54.1,,54.1,119,21.5,Regular Adult,142,88,138,92,,,140,90,74,,84.9,84.5,84.5,,,79.2,79.2,79.3,,,,26.4,26.4,26.3,,,,,,,,41.4,41.4,41.4,,,,,,,,,
02ADL0178,30-Nov-17,,,,168.6,168.5,,168.6,66.4,118.7,118.7,,118.7,261.1,41.8,Large Long,124,82,122,80,,,123,81,68,,114.7,114.5,114.5,,,131,131.4,131.7,,,,46.1,46.1,46.4,,,,,,,,71.5,71.6,71.9,,,,,,,,,
02ADL0179,1-Dec-17,,,,157.2,157.2,,157.2,61.9,83.1,83.1,,83.1,182.8,33.6,Large Adult,116,72,114,76,,,115,74,72,,92.8,92.9,93,,,111.2,111.2,111.2,,,,37.5,37.6,37.6,,,,,,,,64.5,64.2,64.2,,,,,,,,,
02ADL0180,1-Dec-17,,,,171.4,171.8,,171.6,67.6,79.6,79.6,,79.6,175.1,27,Large Adult,124,70,128,72,,,126,71,58,,96.7,96.2,96.5,,,95.5,96,95.9,,,,35.5,35.6,35.6,,,,,,,,52,52.2,52,,,,,,,,,
02ADL0181,4-Dec-17,,,,165.5,165.3,,165.4,65.1,86.2,86.2,,86.2,189.6,31.5,Large Adult,118,68,118,72,,,118,70,72,,95.7,95.6,95.7,,,113.7,113.5,114,,,,37,37,37,,,,,,,,61,61,60.6,,,,,,,,,
02ADL0182,6-Dec-17,,,,169.6,169.8,,169.7,66.8,82.2,82.2,,82.2,180.8,28.5,Large Adult,116,78,116,74,,,116,76,70,,86.1,86.2,86.2,,,109.7,110,109.9,,,,34.5,34.6,34.5,,,,,,,,61.5,61.8,61.2,,,,,,,,,
02ADL0183,7-Dec-17,,,,177.4,177.1,,177.3,69.8,95.3,95.3,,95.3,209.7,30.3,Large Adult,138,94,134,98,,,136,96,84,,113.2,113.1,113.2,,,104.4,104.6,104.7,,,,34.9,34.9,35,,,,,,,,59.1,59.1,59.1,,,,,,,,,
02ADL0184,13-Dec-17,,,,154.4,154.3,,154.4,60.8,66,66,,66,145.2,27.7,Regular Adult,138,70,134,68,,,136,69,70,,89.2,89.5,89.5,,,101,101,101.2,,,,30.1,30.2,30.1,,,,,,,,50.5,50.7,50.5,,,,,,,,,
02ADL0185,15-Dec-17,,,,171.2,171.4,,171.3,67.4,75.2,75.2,,75.2,165.4,25.6,Regular Adult,120,80,120,84,,,120,82,78,,90.7,90.7,91,,,99.5,99.5,99.4,,,,30.3,30.3,30.3,,,,,,,,51,50.8,50.8,,,,,,,,,
02ADL0186,18-Dec-17,,,,185.2,185.2,,185.2,72.9,115.9,115.9,,115.9,255,33.8,Large Adult,116,80,118,78,,,117,79,58,,114.5,114.4,114.4,,,115.4,115.6,115.2,,,,38.3,38.4,38.5,,,,,,,,61.9,61.9,62,,,,,,,,,
02ADL0187,5-Jan-18,,,,179.1,179.2,,179.2,70.6,97.4,97.4,,97.4,214.3,30.3,Large Adult,120,74,122,76,,,121,75,58,,89.9,8.5,89.5,,,107.2,107,107,,,,37,37,37,,,,,,,,64.5,64.5,64.6,,,,,,,,,
02ADL0188,8-Jan-18,,,,167.4,167.3,,167.4,65.9,110,110,,110,242,39.3,Large Adult,128,76,128,74,,,128,75,68,,122.1,121.8,121.9,,,119.5,119.4,119,,,,38.2,38.2,38.1,,,,,,,,61.5,61.2,61.6,,,,,,,,,
02ADL0189,10-Jan-18,,,,162.4,162.2,,162.3,63.9,92.1,92.1,,92.1,202.6,35,Large Adult,126,76,122,74,,,124,75,66,,105.5,105.6,105.7,,,126.5,126,127,,,,39.3,39.3,39.5,,,,,,,,62.4,62.5,62.6,,,,,,,,,
02ADL0190,12-Jan-18,,,,160.8,160.9,,160.9,63.3,80.3,80.3,,80.3,176.7,31,Large Adult,128,76,128,70,,,128,73,76,,92.2,92.4,92,,,106.5,106.5,107,,,,33.1,33.1,33.2,,,,,,,,58.7,58.5,59,,,,,,,,,
02ADL0191,22-Jan-18,,,,159.5,159.5,,159.5,62.8,73.1,73.1,,73.1,160.8,28.7,Regular Adult,110,74,108,72,,,109,73,64,,83,82.5,83,,,111.5,111.5,111.5,,,,31.1,31.2,31.2,,,,,,,,61.3,61.5,61.5,,,,,,,,,
02ADL0192,23-Jan-18,,,,166.8,166.9,,166.9,65.7,59.1,59.1,,59.1,130,21.2,Regular Adult,104,62,104,64,,,104,63,64,,71.3,71.2,71.2,,,93.7,93.5,93.6,,,,25.6,25.6,25.6,,,,,,,,52,52,52,,,,,,,,,
02ADL0193,26-Jan-18,,,,186.9,186.7,,186.8,73.5,97.1,97.1,,97.1,213.6,27.8,Large Adult,112,70,116,72,,,114,71,70,,108.1,108,107.8,,,103.2,103.2,103.2,,,,35.2,35.2,35.3,,,,,,,,51.1,51.1,51.3,,,,,,,,,
02ADL0194,30-Jan-18,,,,156.1,155.9,,156,61.4,73.6,73.6,,73.6,161.9,30.2,Regular Adult,110,54,108,54,,,109,54,70,,101,101.1,101,,,107,107.1,107.2,,,,28.5,28.5,28.5,,,,,,,,44.8,44.6,44.9,,,,,,,,,
02ADL0195,31-Jan-18,,,,179.4,179.3,,179.4,70.6,90.3,90.3,,90.3,198.7,28.1,Large Adult,124,82,120,80,,,122,81,72,,89.5,89.5,89.4,,,107.1,106.9,106.8,,,,36.6,36.5,36.6,,,,,,,,63.1,63.2,63.2,,,,,,,,,
02ADL0196,1-Feb-18,,,,162.7,162.8,,162.8,64.1,48.8,48.7,,48.8,107.4,18.4,Small Adult/Child,110,68,112,70,,,111,69,68,,64.3,64.5,64.3,,,89.2,89,89.2,,,,22.4,22.5,22.5,,,,,,,,44.5,44.7,44.6,,,,,,,,,
02ADL0197,1-Feb-18,,,,151.7,151.8,,151.8,59.8,60.8,60.8,,60.8,133.8,26.4,Regular Adult,140,90,140,90,,,140,90,62,,81.2,81.3,81.1,,,87.8,87.6,87.8,,,,29.4,29.4,29.5,,,,,,,,51,51.1,50.1,,,,,,,,,
02ADL0198,5-Feb-18,,,,178.8,178.6,,178.7,70.4,131,131,,131,288.2,41,Large Long,120,88,120,86,,,120,87,60,,126.5,126.7,127,,,123,123.3,123.5,,,,44,44.1,44.3,,,,,,,,61,61.4,61.1,,,,,,,,,
02ADL0199,7-Feb-18,,,,165.8,165.8,,165.8,65.3,80.3,80.3,,80.3,176.7,29.2,Large Adult,106,70,106,68,,,106,69,66,,98.1,98.2,98.3,,,107.8,107.9,107.8,,,,34.5,34.5,34.6,,,,,,,,61.2,61.5,61,,,,,,,,,
02ADL0200,7-Feb-18,,,,171.7,171.7,,171.7,67.6,77.9,77.9,,77.9,171.4,26.4,Regular Adult,112,80,114,80,,,113,80,80,,96.5,96.7,96.5,,,97,97.5,97.6,,,,32,32,32,,,,,,,,51.6,51.6,51.5,,,,,,,,,
02ADL0201,12-Feb-18,,,,164.1,163.8,,164,64.6,55.8,55.8,,55.8,122.8,20.7,Regular Adult,112,74,112,74,,,112,74,64,,71.5,71.5,71.6,,,87,87.2,87.1,,,,27,27,27,,,,,,,,46.1,46,46.1,,,,,,,,,
02ADL0202,14-Feb-18,,,,151.2,151.1,,151.2,59.5,38.6,38.6,,38.6,84.9,16.9,Small Adult/Child,104,62,104,62,,,104,62,68,,65.6,65.5,65.7,,,80,80,80,,,,22.3,22.3,22.3,,,,,,,,40,40,40.2,,,,,,,,,
02ADL0203,15-Feb-18,,,,158.3,158.4,,158.4,62.4,52,52,,52,114.4,20.7,Regular Adult,130,82,130,82,,,130,82,68,,80.5,80.5,81,,,90,89.9,89.9,,,,37,37,37,,,,,,,,44,44,44.2,,,,,,,,,
02ADL0204,19-Feb-18,,,,182.5,182.5,,182.5,71.9,107.9,107.9,,107.9,237.4,32.4,Large Adult,114,70,116,72,,,115,71,54,,100,100,100,,,110,109.9,110,,,,39.3,39.3,39.2,,,,,,,,61.8,61.8,62,,,,,,,,,
02ADL0205,20-Feb-18,,,,179.5,179.5,,179.5,70.7,114.3,114.3,,114.3,251.5,35.5,Large Adult,140,80,140,80,,,140,80,60,,120,119.8,120,,,110.9,111,110.8,,,,39.4,39.3,39.3,,,,,,,,61.5,62,61.4,,,,,,,,,
02ADL0206,22-Feb-18,,,,179.4,179.1,,179.3,70.6,65.7,65.7,,65.7,144.5,20.4,Regular Adult,110,80,108,78,,,109,79,66,,74.5,74.4,74.4,,,91.4,91.4,91.5,,,,28,28,28,,,,,,,,49.1,49,49.1,,,,,,,,,
02ADL0207,22-Feb-18,,,,185.5,185.6,,185.6,73.1,107.6,107.6,,107.6,236.7,31.2,Large Adult,128,92,128,94,,,128,93,70,,110.9,111,111,,,110.5,110.5,110.5,,,,39,39.1,39,,,,,,,,61.8,61.8,61.6,,,,,,,,,
02ADL0208,26-Feb-18,,,,176.2,176.2,,176.2,69.4,126.7,126.7,,126.7,278.7,40.8,Large Adult,152,80,150,80,,,151,80,74,,136.8,136.5,136.6,,,122.5,122.9,122.8,,,,43.9,43.9,44,,,,,,,,68.3,68.5,68.2,,,,,,,,,
02ADL0209,27-Feb-18,,,,154.9,155,,155,61,99.4,99.4,,99.4,218.7,41.4,Large Adult,110,68,110,66,,,110,67,66,,98.1,98,98.1,,,127.5,127.7,127.5,,,,38.4,38.5,38.5,,,,,,,,70.6,70.9,70.6,,,,,,,,,
02ADL0210,27-Feb-18,,,,167.2,167.2,,167.2,65.8,135.6,135.6,,135.6,298.3,48.5,Thigh,120,92,124,90,,,122,91,64,,119.5,119.2,119.4,,,145.5,146,145,,,,46.2,46.1,46,,,,,,,,80.5,80.5,80.3,,,,,,,,,
02ADL0211,28-Feb-18,,,,171.7,171.5,,171.6,67.6,152.7,152.7,,152.7,335.9,51.9,Large Long,130,70,126,68,,,128,69,60,,146.5,147,146,,,149,149,149.3,,,,51,51,51,,,,,,,,71.5,71.5,71.3,,,,,,,,,
02ADL0212,1-Mar-18,,,,180.4,180.4,,180.4,71,82.3,82.3,,82.3,181.1,25.3,Regular Adult,132,80,128,78,,,130,79,66,,94.2,94,94.1,,,101.4,101.5,101.4,,,,30.9,31,31,,,,,,,,55,55.3,55.2,,,,,,,,,
02ADL0213,2-Mar-18,,,,187.3,187.3,,187.3,73.7,138,138,,138,303.6,39.3,Large Long,120,88,122,88,,,121,88,70,,119.1,119.3,119.1,,,125.4,125,125.5,,,,45,45,45,,,,,,,,69.5,69.5,69.6,,,,,,,,,
02ADL0214,5-Mar-18,,,,155.8,155.9,,155.9,61.4,66.1,66.1,,66.1,145.4,27.2,Regular Adult,110,74,110,72,,,110,73,66,,85.5,85.5,85.6,,,100.3,100.2,100.1,,,,31,31,31,,,,,,,,57.4,57.4,57.6,,,,,,,,,
02ADL0215,6-Mar-18,,,,160.5,160.5,,160.5,63.2,60.7,60.7,,60.7,133.5,23.6,Regular Adult,128,78,130,80,,,129,79,56,,80,79.8,79.8,,,97.5,97.5,97.6,,,,26.1,26,26.1,,,,,,,,48.2,48.5,48,,,,,,,,,
02ADL0216,7-Mar-18,,,,182.2,182.1,,182.2,71.7,69.9,69.9,,69.9,153.8,21.1,Regular Adult,134,78,136,78,,,135,78,48,,82,82.2,82.2,,,95,94.8,94.7,,,,27.5,27.5,27.5,,,,,,,,47.2,47.2,47.1,,,,,,,,,
02ADL0217,13-Mar-18,,,,158.8,158.7,,158.8,62.5,69.6,69.6,,69.6,153.1,27.6,Regular Adult,132,80,128,78,,,130,79,50,,85.9,86,86,,,104.2,104.3,104.2,,,,32,31.9,32,,,,,,,,52.1,51.8,52.2,,,,,,,,,
02ADL0218,,,,,,,,,,,,,,,,,,,,,,,,,,,,,,,,,,,,,,,,,,,,,,,,,,,,,,,,,,,
02ADL0219,15-Mar-18,,,,167,167.2,,167.1,65.8,73.3,73.3,,73.3,161.3,26.3,Regular Adult,130,72,128,70,,,129,71,84,,88.5,88.6,88.9,,,99.9,100,99.9,,,,30,30,30,,,,,,,,48.5,48.4,48.5,,,,,,,,,
02ADL0220,,,,,,,,,,,,,,,,,,,,,,,,,,,81.9,81.8,81.8,,,105.6,105.5,105.5,,,,29,29,29,,,,,,,,52.5,52.5,52.3,,,,,,,,,
02ADL0221,20-Mar-18,,,,187.7,188,,187.9,74,95.7,95.7,,95.7,210.5,27.1,Large Adult,112,88,112,88,,,112,88,80,,95.6,95.4,95.8,,,102.6,102.5,102.5,,,,37.8,37.8,37.8,,,,,,,,59.5,59.4,59.6,,,,,,,,,
02ADL0222,21-Mar-18,,,,175.6,175.7,,175.7,69.2,108,108,,108,237.6,35,Large Adult,106,66,98,64,,,102,65,90,,117.5,118,118,,,109,109.2,109.3,,,,39,38.9,38.9,,,,,,,,62,62.1,62.2,,,,,,,,,
02ADL0223,22-Mar-18,,,,173.4,173.4,,173.4,68.3,88.5,88.5,,88.5,194.7,29.4,Large Adult,128,78,130,74,,,129,76,70,,90.1,90.2,90.1,,,106.8,106.8,107,,,,34.8,34.8,34.8,,,,,,,,56.2,56,56.1,,,,,,,,,
02ADL0224,23-Mar-18,,,,183,183,,183,72,79.2,79.2,,79.2,174.2,23.6,Large Adult,110,70,108,76,,,109,73,64,,95.5,95.5,95.5,,,100.7,100.9,101,,,,31.5,31.5,31.5,,,,,,,,53.4,53.1,53.1,,,,,,,,,
02ADL0225,26-Mar-18,,,,154.5,154.5,,154.5,60.8,55.1,55.1,,55.1,121.2,23.1,Regular Adult,130,72,124,68,,,127,70,48,,68.5,68.7,69,,,94.8,94.8,94.8,,,,27.5,27.5,27.5,,,,,,,,52.5,52.5,53,,,,,,,,,
02ADL0226,27-Mar-18,,,,171.2,171.1,,171.2,67.4,71.4,71.4,,71.4,157.1,24.4,Regular Adult,126,70,120,72,,,123,71,42,,88.8,88.9,88.8,,,94.2,94.2,93.8,,,,30.3,30.5,30.5,,,,,,,,52.1,52.1,51.9,,,,,,,,,
02ADL0227,29-Mar-18,,,,172.5,172.6,,172.6,68,56.8,56.8,,56.8,125,19.1,Regular Adult,114,80,112,86,,,113,83,48,,73,72.8,73,,,91.8,92,91.9,,,,24.5,24.5,24.4,,,,,,,,48.2,48.2,48.1,,,,,,,,,
02ADL0228,29-Mar-18,,,,158.8,158.9,,158.9,62.6,77.3,77.3,,77.3,170.1,30.6,Regular Adult,128,84,126,84,,,127,84,64,,95.5,95.5,95.5,,,104.5,104.6,104.7,,,,31.4,31.4,31.2,,,,,,,,57,56.8,56.9,,,,,,,,,
02ADL0229,11-Apr-18,,,,156.8,156.8,,156.8,61.7,56.1,56.1,,56.1,123.4,22.8,Regular Adult,134,74,128,70,,,131,72,56,,82.5,82.5,82.3,,,95.9,95.8,96.1,,,,25.9,25.9,25.9,,,,,,,,48,48,48,,,,,,,,,
02ADL0230,13-Apr-18,,,,168.6,168.6,,168.6,66.4,86.4,86.4,,86.4,190.1,30.4,Large Adult,110,70,112,68,,,111,69,70,,81.3,81.2,81.3,,,103,103.3,103,,,,39.5,39.5,39.5,,,,,,,,61.5,61.5,61.5,,,,,,,,,
02ADL0231,19-Apr-18,,,,174,174.3,,174.2,68.6,58.2,58.2,,58.2,128,19.2,Regular Adult,98,72,92,68,,,95,70,58,,72.3,72,72.3,,,86,86.1,86,,,,26.5,26.5,26.5,,,,,,,,44.9,44.6,44.6,,,,,,,,,
02ADL0232,19-Apr-18,,,,181.6,181.8,,181.7,71.5,173.5,173.5,,173.5,381.7,52.6,Large Long,122,84,120,82,,,121,83,60,,156.5,157.5,157.1,,,143.5,142.5,142.5,,,,49.9,49.5,49.5,,,,,,,,84,85,84.5,,,,,,,,,
02ADL0233,20-Apr-18,,,,167.5,167.7,,167.6,66,91.3,91.3,,91.3,200.9,32.5,Large Adult,128,70,128,70,,,128,70,58,,105,105.1,105.5,,,103.5,103.5,103.5,,,,34.6,34.7,35,,,,,,,,61.8,61.8,61.9,,,,,,,,,
02ADL0234,20-Apr-18,,,,172.1,172.1,,172.1,67.8,69.4,69.4,,69.4,152.7,23.4,Regular Adult,136,84,134,84,,,135,84,62,,87.1,88.1,87.7,,,92.4,92.2,92.4,,,,28.8,28.8,28.6,,,,,,,,47.6,47.6,47.6,,,,,,,,,
02ADL0235,24-Apr-18,,,,179.9,179.9,,179.9,70.8,76.4,76.4,,76.4,168.1,23.6,Regular Adult,102,62,102,66,,,102,64,50,,82.6,83.3,83,,,100,100.2,100,,,,29.1,29,29.2,,,,,,,,53.5,53.4,53.5,,,,,,,,,
02ADL0236,26-Apr-18,,,,181.9,181.8,,181.9,71.6,96.4,96.4,,96.4,212.1,29.1,Large Adult,120,78,120,80,,,120,79,68,,100.5,100,100.5,,,106,106,106.5,,,,36.5,36.5,36.5,,,37,37.5,37,,,63,63.5,63,,,65,65,65,,,,
02ADL0237,3-May-18,,,,168.3,168.3,,168.3,66.3,82.4,82.4,,82.4,181.3,29.1,Large Adult,124,80,124,82,,,124,81,66,,91.7,91.5,91.7,,,101,101.5,101.4,,,,36.4,36.5,36.5,,,35.8,35.8,35.8,,,57,57.2,57,,,55,55,55,,,,
02ADL0238,4-May-18,,,,167.4,167.3,,167.4,65.9,62.9,62.9,,62.9,138.4,22.4,Regular Adult,120,88,120,86,,,120,87,60,,87,88,87,,,97.4,97.5,97.7,,,,27,26.7,27,,,25,25,25,,,52,51.5,51.5,,,51,51.5,51.2,,,,
02ADL0239,7-May-18,,,,153.3,153.5,,153.4,60.4,47.4,47.4,,47.4,104.3,20.1,Regular Adult,100,58,100,62,,,100,60,64,,,,,,,,,,,,,,,,,,,,,,,,,,,,,,,,,,
02ADL0240,9-May-18,,,,175.4,175.6,,175.5,69.1,110.9,110.9,,110.9,244,36,Large Adult,132,94,132,92,,,132,93,66,,122.7,123,122.5,,,117.8,117.5,118,,,,37.2,37.3,37.2,,,36.9,37,36.8,,,63.5,63.2,63.5,,,59.5,59.5,59.5,,,,
02ADL0241,9-May-18,,,,180,179.8,,179.9,70.8,76.4,76.4,,76.4,168.1,23.6,Regular Adult,114,68,114,68,,,114,68,72,,83,83.2,83,,,97.5,97.2,97.5,,,,32,32,32,,,31.8,31.8,31.8,,,57.5,57.8,57.5,,,54,54,54,,,,
02ADL0242,9-May-18,,,,165.1,165.1,,165.1,65,60.1,60.1,,60.1,132.2,22,Regular Adult,118,72,116,70,,,117,71,60,,74.8,74.5,74.5,,,95.8,95.9,95.9,,,,27.8,28,28,,,27.2,27,27,,,51.5,51.6,51.2,,,49.5,50,49.8,,,,
02ADL0243,10-May-18,,,,159,159.2,,159.1,62.6,57.3,57.3,,57.3,126.1,22.6,Regular Adult,108,74,106,70,,,107,72,66,,82.3,82,82.7,,,101,101,101,,,,27,27,27,,,26.7,26.8,26.5,,,49,49.2,49.2,,,50,49.5,49.5,,,,
02ADL0244,10-May-18,,,,169.6,169.6,,169.6,66.8,65.9,65.9,,65.9,145,22.9,Regular Adult,100,76,94,72,,,97,74,52,,87.8,88,88.2,,,100.8,100.8,101.2,,,,26.7,26.5,26.4,,,26.5,26.7,26.7,,,54,54,54,,,54,53.8,53.8,,,,
02ADL0245,11-May-18,,,,184.5,184.7,,184.6,72.7,79.8,79.8,,79.8,175.6,23.4,Large Adult,152,98,156,98,,,154,98,60,,79.5,79.5,80,,,96,96,95.5,,,,34.3,34.5,34.5,,,34,34,34,,,54,54,54,,,53.5,53.5,53.5,,,,
02ADL0246,14-May-18,,,,163.9,163.9,,163.9,64.5,87.2,87.2,,87.2,191.8,32.5,Large Adult,112,80,108,78,,,110,79,76,,108.5,109,108.5,,,110,110.3,110,,,,38,37.8,37.9,,,39,38.8,38.6,,,64.8,65,64.5,,,63.4,63.2,63.4,,,,
02ADL0247,16-May-18,,,,159.2,159.3,,159.3,62.7,72.5,72.5,,72.5,159.5,28.6,Large Adult,122,78,124,80,,,123,79,82,,94.2,94.5,94.2,,,96.8,97.2,96.8,,,,36,36,36,,,36.7,36.5,36.5,,,54.4,54.5,54.5,,,53.5,53.5,53.1,,,,
02ADL0248,17-May-18,,,,155.5,155.2,,155.4,61.2,58.9,58.9,,58.9,129.6,24.4,Regular Adult,132,72,120,70,,,126,71,58,,86,86.2,86,,,99.5,99.5,99.5,,,,31.1,31.2,31,,,30,30.3,30.5,,,51.2,51.6,51.2,,,48.5,49,48.8,,,,
02ADL0249,17-May-18,,,,176.8,176.9,,176.9,69.6,49.8,49.8,,49.8,109.6,15.9,Small Adult/Child,120,78,120,76,,,120,77,54,,77,77,76.5,,,88,88.2,88.5,,,,23,23,23.2,,,23,22.8,23,,,43.2,43,43.2,,,43.2,43,43,,,,
02ADL0250,21-May-18,,,,161.1,161.2,,161.2,63.5,60.1,60.1,,60.1,132.2,23.1,Regular Adult,120,70,124,68,,,122,69,66,,89.4,89.5,89.7,,,92.8,92.7,92.5,,,,29.8,29.5,29.9,,,30,30,29.8,,,49,49.3,48.8,,,46.8,46.8,46.5,,,,
02ADL0251,21-May-18,,,,180.6,180.6,,180.6,71.1,82.7,82.7,,82.7,181.9,25.4,Large Adult,118,78,120,78,,,119,78,58,,82.2,82,82.2,,,98.2,98,98.2,,,,35.4,35.2,35.4,,,35,35,35,,,50.5,50.5,50.5,,,59.8,59.8,60,,,,
02ADL0252,22-May-18,,,,168.8,168.8,,168.8,66.5,72.2,72.2,,72.2,158.8,25.3,Large Adult,120,72,110,72,,,115,72,64,,86.8,86.5,86.4,,,94.5,94.2,94.7,,,,35,35.5,35.3,,,33.8,34,33.8,,,54.5,54.5,54.5,,,54.5,54.2,54,,,,
02ADL0253,29-May-18,,,,173.8,174,,173.9,68.5,74.3,74.3,,74.3,163.5,24.6,Regular Adult,130,78,126,80,,,128,79,76,,88.2,88.5,88.5,,,96.9,96.9,97,,,,31.4,31.6,31.2,,,30.7,30.7,30.7,,,50.5,50.5,50.2,,,50.2,50.4,50,,,,
02ADL0254,7-Jun-18,,,,162.7,162.5,,162.6,64,72.1,72.1,,72.1,158.6,27.3,Large Adult,150,78,152,82,,,151,80,68,,88.5,88.8,88.5,,,104.5,104.2,104.2,,,,33.4,33.2,33,,,33,33,32.7,,,60.4,60.5,60.8,,,58.4,58.2,58.5,,,,
02ADL0255,11-Jun-18,,,,172.7,172.9,,172.8,68,84.9,84.9,,84.9,186.8,28.4,Large Adult,110,74,114,76,,,112,75,60,,93.8,94,94.3,,,104,104,104.3,,,,33.6,33.7,33.5,,,33.8,33.9,34.2,,,54.5,54.5,54.5,,,54.5,54.8,54.7,,,,
02ADL0256,12-Jun-18,,,,157.3,157.5,,157.4,62,59.5,59.5,,59.5,130.9,24,Regular Adult,108,64,110,70,,,109,67,60,,79,78.8,79.3,,,99.3,99.5,99.3,,,,29.9,29.7,30,,,29.8,29.8,29.8,,,54,54.2,54,,,52,52.4,52.4,,,,
02ADL0257,,,,,,,,,,,,,,,,,,,,,,,,,,,,,,,,,,,,,,,,,,,,,,,,,,,,,,,,,,,
02ADL0258,21-Jun-18,,,,174.8,175,,174.9,68.9,74.2,74.2,,74.2,163.2,24.3,Regular Adult,138,86,136,86,,,137,86,61,,92.8,92.8,92.6,,,105.5,105.8,105.8,,,,29.4,29,29,,,29.5,29.1,29,,,50.1,50.6,50.6,,,50.3,50.5,50.7,,,,
02ADL0259,25-Jun-18,,,,166.8,166.8,,166.8,65.7,94.3,94.3,,94.3,207.5,33.9,Large Adult,140,70,142,70,,,141,70,54,,98.5,98.3,98.3,,,106,106.3,106,,,,40.5,40.7,40.7,,,38.8,38.8,39,,,58.2,58,58.2,,,56.2,56.2,56.2,,,,
02ADL0260,25-Jun-18,,,,176.3,176.2,,176.3,69.4,96.7,96.7,,96.7,212.7,31.1,Large Adult,120,80,122,82,,,121,81,60,,93.2,93.2,93.2,,,105.6,105.8,105.2,,,,41.1,41.1,41.3,,,40.5,40.8,40.8,,,64.3,64.2,64,,,63.3,63,63,,,,
02ADL0261,28-Jun-18,,,,166.3,166,,166.2,65.4,50.5,50.5,,50.5,111.1,18.3,Small Adult/Child,122,70,118,68,,,120,69,60,,78.1,78,77.6,,,85.7,85.6,85.5,,,,23.4,23.4,23.4,,,23.5,23.2,23.1,,,43,42.9,43,,,42,42.3,42.3,,,,
02ADL0262,29-Jun-18,,,,163.6,163.6,,163.6,64.4,69.7,69.7,,69.7,153.3,26,Regular Adult,108,68,110,70,,,109,69,60,,78.1,78,77.6,,,85.7,85.6,85.5,,,,23.4,23.4,23.4,,,23.5,23.2,23.1,,,43,42.9,43,,,42,42.3,42.3,,,,
02ADL0263,29-Jun-18,,,,162.8,163,,162.9,64.1,77,77,,77,169.4,29,Regular Adult,120,66,120,66,,,120,66,52,,86.2,86.6,86.6,,,99.4,99.1,99,,,,30.8,31.1,30.5,,,30.2,30.1,30.4,,,55.2,55.2,55.2,,,54,54,54,,,,
02ADL0264,10-Jul-18,,,,148.9,149,,149,58.7,50.2,50.2,,50.2,110.4,22.6,Regular Adult,126,60,130,62,,,128,61,64,,94.2,94.4,94.2,,,97.8,97.8,97.8,,,,30.5,30.8,30.5,,,29.5,29.5,29.5,,,53.7,54,54,,,53.5,53.5,53.5,,,,
02ADL0265,11-Jul-18,,,,161.4,161.4,,161.4,63.5,47.9,47.9,,47.9,105.4,18.4,Small Adult/Child,106,64,104,62,,,105,63,58,,84,84.2,84.2,,,88.1,87.8,87.8,,,,25.4,25.6,25.6,,,26.2,26.6,26.4,,,46.2,46.2,45.8,,,45.2,44.9,44.9,,,,
02ADL0266,13-Jul-18,,,,172.2,172.2,,172.2,67.8,89.5,89.5,,89.5,196.9,30.2,Large Adult,120,64,118,64,,,119,64,50,,95.4,95.4,94.9,,,105.2,105.2,105.1,,,,36.8,37,37,,,35.8,35.8,35.7,,,63.8,64,63.6,,,63.5,63.3,63.5,,,,
02ADL0267,13-Jul-18,,,,165.3,165.1,,165.2,65,68.6,68.6,,68.6,150.9,25.1,Regular Adult,102,64,116,68,,,109,66,66,,77.4,77.6,77.4,,,105.4,104.9,105.4,,,,28.8,28.8,28.8,,,29,28.8,28.8,,,56.7,56.7,56.7,,,58.4,58.6,58.4,,,,
02ADL0268,23-Jul-18,,,,160.4,160.5,,160.5,63.2,55.6,55.6,,55.6,122.3,21.6,Regular Adult,92,60,92,68,,,92,64,66,,76.5,76.5,76.3,,,92,92,91.7,,,,26.5,26.5,26.5,,,26.9,26.9,26.9,,,50.2,50.2,50,,,50,50,50,,,,
02ADL0269,25-Jul-18,,,,165.3,165.1,,165.2,65,62.8,62.8,,62.8,138.2,23,Regular Adult,110,72,110,72,,,110,72,58,,76.9,76.6,76.9,,,94,93.8,93.8,,,,28.8,28.6,28.6,,,28,28,28,,,49.9,49.9,50,,,52.2,51.9,52,,,,
02ADL0270,26-Jul-18,,,,156.3,156.2,,156.3,61.5,50.9,50.9,,50.9,112,20.8,Regular Adult,114,78,114,80,,,114,79,50,,82.8,82.5,82.5,,,91.1,91.1,91.1,,,,27.6,27.6,27.4,,,26.3,26.4,26.5,,,44.8,45,45,,,45.5,45.2,45.2,,,,
02ADL0271,3-Aug-18,,,,168,168,,168,66.1,145.6,145.6,,145.6,320.3,51.6,Large Long,117,70,120,70,,,119,70,58,,128,128,128.5,,,149,149,149,,,,55,55,55,,,62.7,62.5,62.7,,,77.6,77.9,77.9,,,86.5,86,86,,,,
02ADL0272,6-Aug-18,,,,173.6,173.8,,173.7,68.4,76.1,76.1,,76.1,167.4,25.2,Regular Adult,132,86,132,84,,,132,85,66,,88,88,88.3,,,99.2,99.5,99.5,,,,31.3,31,31.3,,,31,30.9,31,,,58.7,58.7,58.5,,,56.6,56.3,56.3,,,,
02ADL0273,7-Aug-18,,,,163.7,164,,163.9,64.5,48.5,48.5,,48.5,106.7,18.1,Small Adult/Child,106,70,108,70,,,107,70,64,,77.2,77.1,77.2,,,90.3,90.7,90.5,,,,21.5,21.5,21.5,,,21.8,21.8,21.8,,,43.6,43.6,43.6,,,44,44,44,,,,
02ADL0274,9-Aug-18,,,,161.1,160.9,,161,63.4,78.8,78.8,,78.8,173.4,30.4,Regular Adult,162,84,164,82,,,163,83,80,,113,113,113.3,,,111,111,111,,,,29.9,30,30,,,29.6,29.4,29.5,,,49.5,49.5,49.5,,,51.5,51.5,51.5,,,,
02ADL0275,10-Aug-18,,,,177.3,177.3,,177.3,69.8,148.7,148.7,,148.7,327.1,47.3,Large Long,152,74,150,70,,,151,72,88,,137,136.8,136.5,,,134.5,134.5,134.5,,,,45.4,45,45.4,,,43.5,43.5,43.5,,,73.5,73,73,,,74.5,74.5,74.5,,,,
02ADL0276,13-Aug-18,,,,165,165,,165,65,67.6,67.6,,67.6,148.7,24.8,Regular Adult,100,64,92,60,,,96,62,64,,95.5,95.1,95,,,99,99,99.5,,,,29.8,29.7,29.5,,,30.3,30.5,30.5,,,52.3,52.3,52.3,,,52.3,52.3,52.5,,,,
02ADL0277,13-Aug-18,,,,160.1,160.1,,160.1,63,70.6,70.6,,70.6,155.3,27.5,Regular Adult,114,78,112,78,,,113,78,64,,108,108,108.5,,,109,109.5,109,,,,29.5,29.5,29.5,,,29.5,29.2,29.2,,,50,50.2,50.2,,,50.8,50.5,50.8,,,,
02ADL0278,14-Aug-18,,,,164.9,164.9,,164.9,64.9,48.4,48.4,,48.4,106.5,17.8,Small Adult/Child,114,82,110,80,,,112,81,66,,79.7,80,79.7,,,89,89.3,89.3,,,,21.8,21.8,21.8,,,22,21.7,21.7,,,41.3,41.5,41.5,,,41,41,41.3,,,,
02ADL0279,16-Aug-18,,,,178,177.9,,178,70.1,86.8,86.8,,86.8,191,27.4,Large Adult,114,80,114,76,,,114,78,70,,91,91,91,,,100.3,99.8,100,,,,34,34.3,34.4,,,32.8,32.8,33,,,58.6,58.6,58.6,,,57.8,57.8,58,,,,
02ADL0280,20-Aug-18,,,,192,192.2,,192.1,75.6,90.2,90.2,,90.2,198.4,24.4,Large Adult,108,60,106,62,,,107,61,78,,89.5,89.5,90,,,99.3,99,99,,,,32.5,32.6,32.6,,,32.5,32.5,32.5,,,57,57,57,,,56,56,56,,,,
02ADL0281,20-Aug-18,,,,160.9,161,,161,63.4,62.6,62.6,,62.6,137.7,24.2,Regular Adult,132,82,140,82,,,136,82,76,,87.7,87.7,88.2,,,98,97.6,97.6,,,,25.5,25.5,25.3,,,25.9,25.9,25.8,,,50.5,50.5,50.5,,,50.2,50,50.5,,,,
02ADL0282,22-Aug-18,,,,166.6,166.8,,166.7,65.6,52.6,52.6,,52.6,115.7,18.9,Regular Adult,104,60,106,62,,,105,61,74,,72,71.5,72,,,90.4,90.4,90.4,,,,24.2,24.2,24.5,,,24,23.9,24,,,48.4,48.6,48.4,,,48,48,48.2,,,,
02ADL0283,28-Aug-18,,,,172.8,172.8,,172.8,68,52.6,52.6,,52.6,115.7,17.6,Small Adult/Child,102,70,102,68,,,102,69,64,,79,78.8,79,,,94.5,94.5,95,,,,22.6,22.6,22.6,,,22.6,22.6,22.6,,,43.9,43.7,43.7,,,44.6,44.6,44.4,,,,
02ADL0284,29-Aug-18,,,,169.7,169.8,,169.8,66.9,108.6,108.6,,108.6,238.9,37.7,Large Adult,120,66,116,70,,,118,68,74,,118.8,118.6,118.6,,,128.8,128.8,129.2,,,,36.4,36.4,36.5,,,35.6,35.6,35.2,,,61.5,61.5,61.5,,,60.5,60.5,60.5,,,,
02ADL0285,11-Sep-18,,,,180.9,181.1,,181,71.3,85.9,85.9,,85.9,189,26.2,Large Adult,134,80,136,82,,,135,81,60,,80,80.3,80,,,99,98.8,98.8,,,,26.5,26.5,26.5,,,25.9,25.9,25.9,,,54,54,54,,,53.8,53.8,53.8,,,,
02ADL0286,11-Sep-18,,,,175.3,175,,175.2,69,69.1,69.1,,69.1,152,22.5,Regular Adult,100,62,104,64,,,102,63,58,,94.8,95,95,,,102.3,102.3,102.3,,,,29.5,29.5,29.5,,,30.3,30,30,,,52.6,53,53,,,53.5,53.5,53.5,,,,
02ADL0287,17-Sep-18,,,,169.2,169.2,,169.2,66.6,87.3,87.3,,87.3,192.1,30.5,Large Adult,118,78,118,76,,,118,77,68,,94.8,94.8,94.8,,,117.5,117.5,117.5,,,,35.5,35.2,35.2,,,35.8,35.7,35.7,,,64.3,64,64.3,,,63,63.2,63.2,,,,
02ADL0288,1-Oct-18,,,,177.9,177.9,,177.9,70,91.8,91.9,,91.9,202.2,29,Large Adult,136,84,132,82,,,134,83,60,,86.1,86.1,86.1,,,105.2,105,105.2,,,,34.9,35,34.8,,,35,34.9,34.9,,,61.7,61.5,61.7,,,59.9,59.5,59.5,,,,
02ADL0289,2-Oct-18,,,,181.5,181.5,,181.5,71.5,99.7,99.7,,99.7,219.3,30.3,Large Adult,120,82,118,80,,,119,81,78,,98.3,98.1,98.3,,,103.8,103.8,103.8,,,,36.4,36.3,36.3,,,35.6,35.6,35.6,,,56.6,56.6,56.6,,,56.2,56,56,,,,
02ADL0290,2-Oct-18,,,,166.3,166.3,,166.3,65.5,125.9,125.9,,125.9,277,45.5,Large Long,102,54,102,50,,,102,52,58,,141,141.3,141.3,,,136.4,136.5,136.5,,,,43,43,43,,,42,42,42,,,66,66,66,,,66,66,66,,,,
02ADL0291,3-Oct-18,,,,166,166,,166,65.4,85.4,85.4,,85.4,187.9,31,Regular Adult,104,64,102,62,,,103,63,72,,117.8,117.5,117.5,,,118,118,118,,,,32,32,31.9,,,32,32,31.8,,,53.4,53,53,,,52,52,52,,,,
03ADL0001,27-Jun-18,,,,146.7,147.2,147.4,147.1,,66.3,66.25,662.3,66.29,,,,138,80,,,,,,,64,,92.4,92.3,92.4,,,108.8,109,108.8,,,,34,33.8,33.8,,,34,34,34,,,46.8,46.8,47,,,49.8,49.8,49.7,,,,
03ADL0002,27-Jun-18,,,,173.5,173.6,173.5,173.5,,82.5,82.5,82.35,82.45,,,,119,73,,,,,,,68,,97.5,97.5,97.5,,,103.5,103.5,103.5,,,,35,35,35,,,35.5,35.5,35.5,,,54.5,55,54.5,,,52.5,53,53,,,,
03ADL0003,29-Jun-18,,,,177.9,177.7,177.7,177.8,,86.7,86.75,86.7,86.72,,,,104,59,,,,,,,63,,92.9,92.6,92.6,,,103.5,103.5,103.4,,,,34.3,34.1,34.4,,,34.2,34,34.2,,,55.3,55.3,55.6,,,55.1,55.1,55,,,,
03ADL0004,29-Jun-18,,,,180.7,181.1,180.8,180.86,,94.1,94.35,94.3,94.25,,,,102,70,,,,,,,78,,99.5,99,99.5,,,108.1,108.2,108.2,,,,35.8,35.9,36,,,37.2,37.2,37,,,57.8,57.6,57.5,,,57.5,57,57,,,,
03ADL0005,6-Jul-18,,,,155.2,155.2,155.2,155.2,,62.05,62.15,62,62.05,,,,130,75,,,,,,,62,,90.3,90.5,90.5,,,90.5,90.3,90.1,,,,31,31,31,,,31,31,31,,,49.3,49.5,49.5,,,48.5,48.4,48.5,,,,
03ADL0006,6-Jul-18,,,,151.9,151.9,152,151.9,,70.15,70.1,70.05,70.1,,,,148,74,,,,,,,82,,100.3,100.5,100.3,,,103.5,103.3,103,,,,36,36,36,,,35,35.1,35.1,,,49,49.5,49,,,49.5,49.5,50,,,,
03ADL0007,6-Jul-18,,,,149.8,150,149.9,149.9,,62.35,62.3,62.35,62.33,,,,131,60,,,,,,,76,,93.5,93.5,94,,,98,98,98,,,,30,29.3,29.5,,,31.5,31.5,31.5,,,50.5,50.8,50.8,,,48.5,48.5,48.5,,,,
03ADL0008,11-Jul-18,,,,153.9,153.8,153.8,153.8,,62.5,62.45,62.5,62.5,,,,120,72,,,,,,,75,,93.5,94.2,94.4,,,105.8,106,106.8,105.3,,,28.7,28.7,28.7,,,28.5,28.3,28.2,,,53.7,53.8,53.5,,,50.8,50.5,50.5,,,,
03ADL0009,13-Jul-18,,,,172.4,171.6,171.9,171.97,,128.13,128.05,127.65,127.95,,,,117,79,,,,,,,100,,144.3,144.3,144.5,,,130.2,130.1,130,,,,41.3,41.2,41.5,,,41.5,41.3,40.8,,,73.5,74.3,73.8,,,73.1,73.1,73.4,,,,
03ADL0010,13-Jul-18,,,,186.7,186.6,186.8,186.7,,79.05,79,79,79.01,,,,112,80,,,,,,,58,,85.5,85.5,85.5,,,95,95,95,,,,32,32.1,32,,,32.5,32.5,32.5,,,49.3,49.3,49.3,,,50,50,50,,,,
03ADL0011,13-Jul-18,,,,173.9,173.3,173.6,173.6,,113,113.05,113.05,113.03,,,,134,66,,,,,,,61,,114.5,114.5,115.5,,,110.4,110.3,110.2,,,,42.5,42.3,42.2,,,41.9,41.9,41.9,,,59.7,60.2,60.1,,,57.5,57.7,57.5,,,,
03ADL0012,18-Jul-18,,,,162.8,162.9,162.8,162.8,,75.95,76,76,76,,,,122,64,,,,,,,62,,97.7,98,98.5,,,107.1,107,106.8,,,,33.2,33.4,33.4,,,33.7,33.7,33.5,,,58.3,58,58,,,55.6,56,56,,,,
03ADL0013,20-Jul-18,,,,175.2,175.6,175.2,175.3,,85.85,85.6,85.8,85.65,,,,144,98,,,,,,,74,,101.4,101,101,,,102.5,103,103.2,,,,35,34.9,34.9,,,33.5,32.8,33.5,,,53.4,53.2,53.4,,,50,50.8,51,,,,
03ADL0014,20-Jul-18,,,,158.2,158,158.5,158.2,,71.35,71.45,71.15,71.32,,,,105,84,,,,,,,75,,92.5,92.5,92.5,,,110.5,111,110.5,,,,30.5,30.5,30.3,,,31,31,31.2,,,57.9,57.8,58,,,56.8,56.7,56.7,,,,
03ADL0015,20-Jul-18,,,,162.9,163,162.6,162.8,,60.85,60.9,60.9,60.88,,,,140,72,,,,,,,67,,85.7,85.8,85.9,,,87.8,87.5,87.8,,,,28.1,28.4,27.6,,,28.4,28.5,28.1,,,45.4,45.8,46,,,45.4,45.5,45,,,,
03ADL0016,25-Jul-18,,,,175.2,175.3,175.3,175.2,,64.55,64.45,64.55,64.51,,,,118,60,,,,,,,40,,76,76.2,76.5,,,87.6,87.1,86.5,,,,33,32.8,32.2,,,33.2,32.9,32.7,,,42.5,42.9,43.2,,,42.1,42.4,42,,,,
03ADL0017,25-Jul-18,,,,181.6,181.6,181.6,181.6,,95,95.5,95.3,95.3,,,,101,70,,,,,,,109,,89,89.1,89,,,104.2,103.2,103,103.2,,,41.4,41.6,41.8,,,42.4,42.4,42,,,55.7,55.1,56.5,55.6,,53.9,54.2,54.1,,,,
03ADL0018,27-Jul-18,,,,163.6,163.6,163.7,163.6,,62.05,62.1,62,62.05,,,,104,70,,,,,,,55,,80.5,81,81.5,,,98.6,99.4,99.6,99.3,,,28.6,28.5,28.2,,,28.2,28.1,28,,,52.5,53,52.6,,,53.4,53.7,53.6,,,,
03ADL0019,27-Jul-18,,,,175.5,175,175.4,175.3,,92.55,92.5,92.5,92.51,,,,110,80,,,,,,,66,,88.7,89.2,90,89.5,,101.9,102.2,101.7,101,,,39,39.1,39.3,,,39.8,39.7,39.9,,,60.6,60.9,61.7,61.2,,62.7,63,62.9,,,,
03ADL0020,31-Jul-18,,,,167.1,167,167,167.03,,74.25,74.2,74.25,74.23,,,,91,70,,,,,,,67,,88.8,88.9,88.6,,,101.8,101.6,102.2,,,,35.8,34.9,34.9,,,34.2,34.7,34.5,,,50.7,51.5,51.9,51.1,,52.3,53.1,52.5,,,,
03ADL0021,7-Aug-18,,,,160,160.1,159.9,160,,50,49.95,49.85,49.85,,,,127,80,,,,,,,75,,70.5,70.5,71,,,87.5,87.5,87.5,,,,26.7,26.5,26.5,,,27,27,27,,,45,45.6,45.7,,,44.3,44.5,44.5,,,,
03ADL0022,8-Aug-18,,,,146.3,146.3,146.3,146.3,,52,52,52,52,,,,130,70,,,,,,,79,,83.4,83.5,83.4,,,89,89.3,89.3,,,,17,17,17,,,17.3,17.3,17.3,,,42.2,42.2,42.1,,,42.9,42.5,42.9,,,,
03ADL0023,8-Aug-18,,,,163,162.8,163,162.9,,82.5,82.7,82.75,82.65,,,,118,80,,,,,,,73,,102.5,102.3,102.5,,,106.5,10.6,106.5,,,,34.9,35,35,,,35,35,35,,,54.5,54.3,54.3,,,56,55.8,55.5,,,,
03ADL0024,15-Aug-18,,,,159.7,159.9,159.9,159.9,,43.2,43.2,43.2,43.2,,,,120,80,,,,,,,74,,71.9,72,71.8,,,86.3,86.5,86.3,,,,21.3,21.3,21.2,,,21.3,21.2,21.2,,,39,39.1,39.1,,,38,38.1,38.3,,,,
03ADL0025,22-Aug-18,,,,176.6,176.3,176.4,176.4,,63.35,63.45,63.6,63.46,,,,118,69,,,,,,,54,,76.4,76.5,76.4,,,90.5,90.4,90.8,,,,27.6,27.5,27.6,,,27.9,27.8,27.9,,,45,45,45,,,45.6,45.6,45.6,,,,
03ADL0026,29-Aug-18,,,,168.9,168.7,168.8,167.7,,72.45,72.45,72.45,72.45,,,,113,78,,,,,,,67,,77.5,77.5,77.5,,,92.5,92.5,92.5,,,,36.5,36.5,36,,,36,35.5,35.5,,,51.5,51.5,51.5,,,51,51,51,,,,
03ADL0027,14-Sep-18,,,,162.7,162.7,162.7,162.7,,98.75,98.75,98.75,98.75,,,,148,90,,,,,,,97,,112.5,112.5,112.5,,,116,116,116,,,,39.5,39.5,39.7,,,37.5,37.5,37.9,,,64.5,64.5,64.5,,,64,64,63.9,,,,