,train,test,activation,hidden_layer_sizes,Data Transformers
0,"[0.84644793790699, 0.8861222843840464, 0.7451207665311725]","[0.84644793790699, 0.8861222843840464, 0.7451207665311725]",logistic,"(1,)",age
1,"[0.8471910584229504, 0.8834604843754436, 0.7553845713724312]","[0.8471910584229504, 0.8834604843754436, 0.7553845713724312]",logistic,"(2,)",age
2,"[0.8855302896460187, 0.8686797602648377, 0.7159728022540246]","[0.8855302896460187, 0.8686797602648377, 0.7159728022540246]",logistic,"(3,)",age
3,"[0.7926511242316907, 0.8953543222078384, 0.6630368768592783]","[0.7926511242316907, 0.8953543222078384, 0.6630368768592783]",logistic,"(4,)",age
4,"[0.8677769885073264, 0.9036649556316287, 0.6416018119152065]","[0.8677769885073264, 0.9036649556316287, 0.6416018119152065]",logistic,"(5,)",age
5,"[0.8341529700165273, 0.8508510259903479, 0.6040644159222286]","[0.8341529700165273, 0.8508510259903479, 0.6040644159222286]",logistic,"(6,)",age
6,"[0.8504441504887928, 0.8662255543220622, 0.6413144666993182]","[0.8504441504887928, 0.8662255543220622, 0.6413144666993182]",logistic,"(7,)",age
7,"[0.7973045608742566, 0.8835146140312921, 0.7094994409665097]","[0.7973045608742566, 0.8835146140312921, 0.7094994409665097]",logistic,"(8,)",age
8,"[0.823605970455349, 0.8400490738833499, 0.6354521225280119]","[0.823605970455349, 0.8400490738833499, 0.6354521225280119]",logistic,"(9,)",age
9,"[0.7979423207526667, 0.9043364092842272, 0.6082379668298682]","[0.7979423207526667, 0.9043364092842272, 0.6082379668298682]",logistic,"(10,)",age
10,"[0.80884517803819, 0.8579623250582796, 0.5792212955651541]","[0.80884517803819, 0.8579623250582796, 0.5792212955651541]",logistic,"(11,)",age
11,"[0.8094080082928707, 0.8841209005468285, 0.5685843198971476]","[0.8094080082928707, 0.8841209005468285, 0.5685843198971476]",logistic,"(12,)",age
12,"[0.8475337510663166, 0.8624544474440545, 0.5971748485094588]","[0.8475337510663166, 0.8624544474440545, 0.5971748485094588]",logistic,"(13,)",age
13,"[0.8342735111011336, 0.8713573224122286, 0.6572448298053197]","[0.8342735111011336, 0.8713573224122286, 0.6572448298053197]",logistic,"(14,)",age
14,"[0.8435572026087137, 0.8869204904905343, 0.5499016296947603]","[0.8435572026087137, 0.8869204904905343, 0.5499016296947603]",logistic,"(15,)",age
15,"[0.8444105648470361, 0.8980909577324815, 0.696873442464935]","[0.8444105648470361, 0.8980909577324815, 0.696873442464935]",relu,"(1,)",age
16,"[0.7562101315232481, 0.8815788528178705, 0.7433144214251687]","[0.7562101315232481, 0.8815788528178705, 0.7433144214251687]",relu,"(2,)",age
17,"[0.7894277244785046, 0.8777908576129178, 0.6806302612000348]","[0.7894277244785046, 0.8777908576129178, 0.6806302612000348]",relu,"(3,)",age
18,"[0.8242126593053523, 0.8597348227016233, 0.6131125711187465]","[0.8242126593053523, 0.8597348227016233, 0.6131125711187465]",relu,"(4,)",age
19,"[0.8417968470917387, 0.7649664105117565, 0.6221588947602731]","[0.8417968470917387, 0.7649664105117565, 0.6221588947602731]",relu,"(5,)",age
20,"[0.7555821586998238, 0.7891898218316776, 0.7077119236181767]","[0.7555821586998238, 0.7891898218316776, 0.7077119236181767]",relu,"(6,)",age
21,"[0.7771965617440572, 0.8809957334538373, 0.6247845385336401]","[0.7771965617440572, 0.8809957334538373, 0.6247845385336401]",relu,"(7,)",age
22,"[0.7793532144334191, 0.8216245178352608, 0.7097569963800223]","[0.7793532144334191, 0.8216245178352608, 0.7097569963800223]",relu,"(8,)",age
23,"[0.7165537264047697, 0.8171026455995067, 0.6956141242357026]","[0.7165537264047697, 0.8171026455995067, 0.6956141242357026]",relu,"(9,)",age
24,"[0.7074405404529136, 0.8393948380531574, 0.6469670480687342]","[0.7074405404529136, 0.8393948380531574, 0.6469670480687342]",relu,"(10,)",age
25,"[0.7201446066897568, 0.8325582834649875, 0.7307437215415349]","[0.7201446066897568, 0.8325582834649875, 0.7307437215415349]",relu,"(11,)",age
26,"[0.8023340540484337, 0.79251714938148, 0.6211641435413768]","[0.8023340540484337, 0.79251714938148, 0.6211641435413768]",relu,"(12,)",age
27,"[0.8357932050673269, 0.836190947643498, 0.7125088428340777]","[0.8357932050673269, 0.836190947643498, 0.7125088428340777]",relu,"(13,)",age
28,"[0.7486976227251162, 0.8541520486988968, 0.6172014308220539]","[0.7486976227251162, 0.8541520486988968, 0.6172014308220539]",relu,"(14,)",age
29,"[0.7229237117932421, 0.8706742974373236, 0.6528676623043919]","[0.7229237117932421, 0.8706742974373236, 0.6528676623043919]",relu,"(15,)",age
30,"[0.8614432689018415, 0.9249991777730615, 0.7603827202884939]","[0.8614432689018415, 0.9249991777730615, 0.7603827202884939]",logistic,"(1,)",age and simple body
31,"[0.8400487579426451, 0.9327221110772681, 0.7616438803165569]","[0.8400487579426451, 0.9327221110772681, 0.7616438803165569]",logistic,"(2,)",age and simple body
32,"[0.8900200208891499, 0.9276169347940365, 0.7112563014153521]","[0.8900200208891499, 0.9276169347940365, 0.7112563014153521]",logistic,"(3,)",age and simple body
33,"[0.869895461627536, 0.9362848183766149, 0.7146099367623668]","[0.869895461627536, 0.9362848183766149, 0.7146099367623668]",logistic,"(4,)",age and simple body
34,"[0.8918945198780004, 0.9300763024346813, 0.7223041109205559]","[0.8918945198780004, 0.9300763024346813, 0.7223041109205559]",logistic,"(5,)",age and simple body
35,"[0.861072109029888, 0.907102574124871, 0.6626006737448702]","[0.861072109029888, 0.907102574124871, 0.6626006737448702]",logistic,"(6,)",age and simple body
36,"[0.8606055514924031, 0.9123589143015188, 0.71009289122375]","[0.8606055514924031, 0.9123589143015188, 0.71009289122375]",logistic,"(7,)",age and simple body
37,"[0.873409794854823, 0.9275960654446586, 0.6736182139403653]","[0.873409794854823, 0.9275960654446586, 0.6736182139403653]",logistic,"(8,)",age and simple body
38,"[0.8440504530973529, 0.8782424454441133, 0.6483753338134125]","[0.8440504530973529, 0.8782424454441133, 0.6483753338134125]",logistic,"(9,)",age and simple body
39,"[0.8624021792460149, 0.9087307919935124, 0.6593251923861334]","[0.8624021792460149, 0.9087307919935124, 0.6593251923861334]",logistic,"(10,)",age and simple body
40,"[0.8063208445059638, 0.9023928077430481, 0.6313482817062797]","[0.8063208445059638, 0.9023928077430481, 0.6313482817062797]",logistic,"(11,)",age and simple body
41,"[0.8348632217726258, 0.8979805259108732, 0.6558892093951791]","[0.8348632217726258, 0.8979805259108732, 0.6558892093951791]",logistic,"(12,)",age and simple body
42,"[0.8152964318590482, 0.904953241182278, 0.672708473985081]","[0.8152964318590482, 0.904953241182278, 0.672708473985081]",logistic,"(13,)",age and simple body
43,"[0.8166356838131825, 0.8832707936747489, 0.7246910525222848]","[0.8166356838131825, 0.8832707936747489, 0.7246910525222848]",logistic,"(14,)",age and simple body
44,"[0.8300433373137416, 0.9199680007737405, 0.7285351189414335]","[0.8300433373137416, 0.9199680007737405, 0.7285351189414335]",logistic,"(15,)",age and simple body
45,"[0.8626474487028941, 0.914943283578743, 0.7358058665045615]","[0.8626474487028941, 0.914943283578743, 0.7358058665045615]",relu,"(1,)",age and simple body
46,"[0.7972158028319973, 0.9519826086905124, 0.6209460080310137]","[0.7972158028319973, 0.9519826086905124, 0.6209460080310137]",relu,"(2,)",age and simple body
47,"[0.8585875333930396, 0.9233389238160933, 0.7556457286772251]","[0.8585875333930396, 0.9233389238160933, 0.7556457286772251]",relu,"(3,)",age and simple body
48,"[0.8292825155205164, 0.9005418086588837, 0.7264946659017488]","[0.8292825155205164, 0.9005418086588837, 0.7264946659017488]",relu,"(4,)",age and simple body
49,"[0.8211773740676986, 0.9219914479206593, 0.7179419012030207]","[0.8211773740676986, 0.9219914479206593, 0.7179419012030207]",relu,"(5,)",age and simple body
50,"[0.8190576164766349, 0.9042265716291208, 0.7300396205470242]","[0.8190576164766349, 0.9042265716291208, 0.7300396205470242]",relu,"(6,)",age and simple body
51,"[0.8357567502091281, 0.9202636389559414, 0.7303726258379776]","[0.8357567502091281, 0.9202636389559414, 0.7303726258379776]",relu,"(7,)",age and simple body
52,"[0.8252997816060774, 0.875989357010444, 0.6731915152100644]","[0.8252997816060774, 0.875989357010444, 0.6731915152100644]",relu,"(8,)",age and simple body
53,"[0.8741450958728793, 0.8640442872304211, 0.6994622630768028]","[0.8741450958728793, 0.8640442872304211, 0.6994622630768028]",relu,"(9,)",age and simple body
54,"[0.8115615361855422, 0.8436704485331872, 0.6574697507805035]","[0.8115615361855422, 0.8436704485331872, 0.6574697507805035]",relu,"(10,)",age and simple body
55,"[0.8158418831375389, 0.8866478015044491, 0.7161605376880164]","[0.8158418831375389, 0.8866478015044491, 0.7161605376880164]",relu,"(11,)",age and simple body
56,"[0.7929187103861507, 0.8747044586400522, 0.7702442907993571]","[0.7929187103861507, 0.8747044586400522, 0.7702442907993571]",relu,"(12,)",age and simple body
57,"[0.7923279586831322, 0.9042971461417018, 0.6969426857236437]","[0.7923279586831322, 0.9042971461417018, 0.6969426857236437]",relu,"(13,)",age and simple body
58,"[0.7907409057869025, 0.792968682698375, 0.6771837953024609]","[0.7907409057869025, 0.792968682698375, 0.6771837953024609]",relu,"(14,)",age and simple body
59,"[0.7885487954423747, 0.8687763414310264, 0.6674032756826687]","[0.7885487954423747, 0.8687763414310264, 0.6674032756826687]",relu,"(15,)",age and simple body
60,"[0.8447348245875715, 0.8783007462732004, 0.7525503388673377]","[0.8447348245875715, 0.8783007462732004, 0.7525503388673377]",logistic,"(1,)",age and complex body
61,"[0.8430526503762947, 0.8635188085234549, 0.7019242612622763]","[0.8430526503762947, 0.8635188085234549, 0.7019242612622763]",logistic,"(2,)",age and complex body
62,"[0.8284712811404181, 0.8550447957632918, 0.6055335243127248]","[0.8284712811404181, 0.8550447957632918, 0.6055335243127248]",logistic,"(3,)",age and complex body
63,"[0.8322689326185344, 0.7849821521307434, 0.6694195303153601]","[0.8322689326185344, 0.7849821521307434, 0.6694195303153601]",logistic,"(4,)",age and complex body
64,"[0.8258790564200952, 0.8000251832949193, 0.6742828175988653]","[0.8258790564200952, 0.8000251832949193, 0.6742828175988653]",logistic,"(5,)",age and complex body
65,"[0.8406341323925112, 0.8425716544461335, 0.5634529860398889]","[0.8406341323925112, 0.8425716544461335, 0.5634529860398889]",logistic,"(6,)",age and complex body
66,"[0.8261668386227634, 0.8404211692560946, 0.6365387506503515]","[0.8261668386227634, 0.8404211692560946, 0.6365387506503515]",logistic,"(7,)",age and complex body
67,"[0.8357324442614738, 0.8472231371357232, 0.6269721179375349]","[0.8357324442614738, 0.8472231371357232, 0.6269721179375349]",logistic,"(8,)",age and complex body
68,"[0.81470533575116, 0.8594865711901495, 0.6960808791477531]","[0.81470533575116, 0.8594865711901495, 0.6960808791477531]",logistic,"(9,)",age and complex body
69,"[0.8278493067683463, 0.8473874533766361, 0.674280891378946]","[0.8278493067683463, 0.8473874533766361, 0.674280891378946]",logistic,"(10,)",age and complex body
70,"[0.8635801040308365, 0.8366629563464203, 0.6213797833475692]","[0.8635801040308365, 0.8366629563464203, 0.6213797833475692]",logistic,"(11,)",age and complex body
71,"[0.8543498711771829, 0.8045271084895174, 0.6279000588544701]","[0.8543498711771829, 0.8045271084895174, 0.6279000588544701]",logistic,"(12,)",age and complex body
72,"[0.8049803576128353, 0.857968639437219, 0.7034017342356589]","[0.8049803576128353, 0.857968639437219, 0.7034017342356589]",logistic,"(13,)",age and complex body
73,"[0.8358133050505695, 0.8301154598640469, 0.5844261309819367]","[0.8358133050505695, 0.8301154598640469, 0.5844261309819367]",logistic,"(14,)",age and complex body
74,"[0.8320806533802055, 0.8645965719219626, 0.6168190865493153]","[0.8320806533802055, 0.8645965719219626, 0.6168190865493153]",logistic,"(15,)",age and complex body
75,"[0.8471964461900415, 0.872689764467982, 0.6990864965539705]","[0.8471964461900415, 0.872689764467982, 0.6990864965539705]",relu,"(1,)",age and complex body
76,"[0.8245665664930766, 0.8293476003620366, 0.7634662543453147]","[0.8245665664930766, 0.8293476003620366, 0.7634662543453147]",relu,"(2,)",age and complex body
77,"[0.8667973706334583, 0.8564606730680233, 0.7535406338360728]","[0.8667973706334583, 0.8564606730680233, 0.7535406338360728]",relu,"(3,)",age and complex body
78,"[0.6908992177670197, 0.36453874487977234, 0.694843450580768]","[0.6908992177670197, 0.36453874487977234, 0.694843450580768]",relu,"(4,)",age and complex body
79,"[0.8068176416930586, 0.8197455194798716, 0.7349253614655262]","[0.8068176416930586, 0.8197455194798716, 0.7349253614655262]",relu,"(5,)",age and complex body
80,"[0.7576372281162528, 0.649538817386004, 0.5761649849008968]","[0.7576372281162528, 0.649538817386004, 0.5761649849008968]",relu,"(6,)",age and complex body
81,"[0.780517933138208, 0.5431743513815351, 0.4669493168785757]","[0.780517933138208, 0.5431743513815351, 0.4669493168785757]",relu,"(7,)",age and complex body
82,"[0.6085372164650766, 0.8038642986228355, 0.6582345674436578]","[0.6085372164650766, 0.8038642986228355, 0.6582345674436578]",relu,"(8,)",age and complex body
83,"[0.779648308256928, 0.7907692042653556, 0.6079188081710669]","[0.779648308256928, 0.7907692042653556, 0.6079188081710669]",relu,"(9,)",age and complex body
84,"[0.7607239102171036, 0.7564535384621893, 0.6689344780846377]","[0.7607239102171036, 0.7564535384621893, 0.6689344780846377]",relu,"(10,)",age and complex body
85,"[0.8041386406271123, 0.8411414131762682, 0.6107970159211397]","[0.8041386406271123, 0.8411414131762682, 0.6107970159211397]",relu,"(11,)",age and complex body
86,"[0.6863506554463333, 0.7583872081053646, 0.629224309146123]","[0.6863506554463333, 0.7583872081053646, 0.629224309146123]",relu,"(12,)",age and complex body
87,"[0.8179344749317815, 0.7569539808192438, 0.5995553439960496]","[0.8179344749317815, 0.7569539808192438, 0.5995553439960496]",relu,"(13,)",age and complex body
88,"[0.7528060235572358, 0.8188891312631108, 0.5146403900154695]","[0.7528060235572358, 0.8188891312631108, 0.5146403900154695]",relu,"(14,)",age and complex body
89,"[0.7643043859586411, 0.7650800052373347, 0.5819869191146698]","[0.7643043859586411, 0.7650800052373347, 0.5819869191146698]",relu,"(15,)",age and complex body
